TGPOLYCET-2024 LAST RANK STATEMENT FIRST PHASE,,,,,,,,,,,,,,,,,,,,,,,,,,,,
"Inst
 Code",Institute Name,Place,"Dist 
Code",Co Education,College Type,Year of Estab,Branch Code,Branch Name,"OC 
BOYS","OC 
GIRLS","BC_A 
BOYS","BC_A 
GIRLS","BC_B 
BOYS","BC_B 
GIRLS","BC_C 
BOYS","BC_C 
GIRLS","BC_D 
BOYS","BC_D 
GIRLS","BC_E 
BOYS","BC_E 
GIRLS","SC 
BOYS","SC 
GIRLS","ST 
BOYS","ST 
GIRLS","EWS 
GEN OU","EWS 
GIRLS OU",Fee,Affiliated To
ADBP,S.G GOVT POLYTECHNIC,ADILABAD,ADB,COED,GOV,1980,CE,DIPLOMA IN CIVIL ENGINEERING,13679,21127,46617,53547,67149,67149,13679,21127,54883,54883,52186,52186,64799,64799,53625,53741,13679,21127,5080,SBTET
ADBP,S.G GOVT POLYTECHNIC,ADILABAD,ADB,COED,GOV,1980,CS,DIPLOMA IN COMPUTER SCIENCE AND ENGINEERING,7431,7431,41409,41409,16211,16211,28854,28854,28684,28684,11399,25260,42094,42094,45162,45162,7431,33658,5080,SBTET
ADBP,S.G GOVT POLYTECHNIC,ADILABAD,ADB,COED,GOV,1980,EE,DIPLOMA IN ELECTRICAL & ELECTRONICS ENGINEERING,19342,24821,55817,57392,54344,56914,28038,28038,21799,45162,48600,49082,69576,69576,62468,62468,51855,51855,5080,SBTET
ADBP,S.G GOVT POLYTECHNIC,ADILABAD,ADB,COED,GOV,1980,ME,DIPLOMA IN MECHANICAL ENGINEERING,29834,29834,57450,57450,58540,58540,29834,29834,53584,59508,29834,40204,69360,69360,62303,62303,29834,29834,5080,SBTET
AITH,ANNAMACHARYA INST. OF TECHNOLOGY. AND SCI.,HAYATHNAGAR,RR,COED,PVT,,CE,DIPLOMA IN CIVIL ENGINEERING,34454,34454,60952,60952,34454,62744,34454,34454,34454,34454,34454,34454,47101,47101,34454,34454,34454,34454,15780,SBTET
AITH,ANNAMACHARYA INST. OF TECHNOLOGY. AND SCI.,HAYATHNAGAR,RR,COED,PVT,,CS,DIPLOMA IN COMPUTER SCIENCE AND ENGINEERING,16302,20044,60617,60617,31576,31576,27353,27353,26888,32308,49572,49808,50758,57149,69147,69147,49481,49481,15780,SBTET
AITH,ANNAMACHARYA INST. OF TECHNOLOGY. AND SCI.,HAYATHNAGAR,RR,COED,PVT,,EC,DIPLOMA IN ELECTRONICS & COMMUNICATION ENGINEERING,17793,36540,60255,60255,52590,59795,17793,36540,39418,52515,61974,61974,65009,65009,55817,65860,17793,36540,15780,SBTET
AITH,ANNAMACHARYA INST. OF TECHNOLOGY. AND SCI.,HAYATHNAGAR,RR,COED,PVT,,EE,DIPLOMA IN ELECTRICAL & ELECTRONICS ENGINEERING,33764,33764,61108,61108,44681,44681,51297,51297,57733,57733,33764,33764,46216,64521,56830,65313,33764,33764,15780,SBTET
AITH,ANNAMACHARYA INST. OF TECHNOLOGY. AND SCI.,HAYATHNAGAR,RR,COED,PVT,,ME,DIPLOMA IN MECHANICAL ENGINEERING,42919,57212,42919,57212,62744,62744,42919,57212,42919,57212,42919,57212,63224,67992,42919,57212,42919,57212,15780,SBTET
AIZA,AIZZA COLLEGE OF ENGG AND TECHNOLOGY,MANCHERIAL,MNC,COED,PVT,1999,EE,DIPLOMA IN ELECTRICAL & ELECTRONICS ENGINEERING,30814,30814,30814,30814,44304,44304,30814,30814,66642,66642,30814,30814,63824,67244,30814,30814,30814,30814,15780,SBTET
AIZA,AIZZA COLLEGE OF ENGG AND TECHNOLOGY,MANCHERIAL,MNC,COED,PVT,1999,MN,DIPLOMA IN MINING ENGINEERING,37018,37018,37018,37018,53894,53894,37018,37018,37018,37018,37018,66573,64719,65337,37018,37018,37018,37018,15780,SBTET
AKIT,ABDULKALAM INST. OF TECHNOLOGY AND SCI.,KOTHAGUDEM,KGM,COED,PVT,2007,CE,DIPLOMA IN CIVIL ENGINEERING,55383,55383,55383,55383,55383,55383,55383,55383,55383,55383,55383,55383,55383,55383,55383,55383,55383,55383,15780,SBTET
AKIT,ABDULKALAM INST. OF TECHNOLOGY AND SCI.,KOTHAGUDEM,KGM,COED,PVT,2007,CS,DIPLOMA IN COMPUTER SCIENCE AND ENGINEERING,33266,33266,62710,62710,33266,33266,33266,33266,54720,54720,59584,59584,67110,67110,65977,65977,33266,33266,15780,SBTET
AKIT,ABDULKALAM INST. OF TECHNOLOGY AND SCI.,KOTHAGUDEM,KGM,COED,PVT,2007,EE,DIPLOMA IN ELECTRICAL & ELECTRONICS ENGINEERING,31024,55617,31024,55617,62927,62927,31024,55617,68637,68637,31024,55617,31024,55617,67604,67604,31024,55617,15780,SBTET
AKIT,ABDULKALAM INST. OF TECHNOLOGY AND SCI.,KOTHAGUDEM,KGM,COED,PVT,2007,ME,DIPLOMA IN MECHANICAL ENGINEERING,68800,68800,68954,69468,69266,68844,68800,68800,69678,69706,69664,68709,69696,69704,69707,69715,62710,62570,15780,SBTET
AKIT,ABDULKALAM INST. OF TECHNOLOGY AND SCI.,KOTHAGUDEM,KGM,COED,PVT,,MN,DIPLOMA IN MINING ENGINEERING,59950,59950,67889,67889,59950,59950,59950,59950,59950,59950,59950,59950,63082,63082,65912,67149,59950,59950,15780,SBTET
ANRK,ANURAG ENGINNERING COLLGE,KODAD,SRP,COED,PVT,,CE,DIPLOMA IN CIVIL ENGINEERING,68800,68800,68954,69468,69266,68844,68800,68800,69678,69706,69664,68709,69696,69704,69707,69715,62710,62570,15780,SBTET
ANRK,ANURAG ENGINNERING COLLGE,KODAD,SRP,COED,PVT,,CS,DIPLOMA IN COMPUTER SCIENCE AND ENGINEERING,29949,29949,62166,62368,59019,59992,29949,29949,55914,55914,60867,60867,64242,68867,69081,69081,42162,42162,15780,SBTET
ANRK,ANURAG ENGINNERING COLLGE,KODAD,SRP,COED,PVT,,EC,DIPLOMA IN ELECTRONICS & COMMUNICATION ENGINEERING,45880,45880,55383,55383,59386,59795,45880,45880,50569,56955,58905,58905,68492,69124,69043,69043,45880,58291,15780,SBTET
ANRK,ANURAG ENGINNERING COLLGE,KODAD,SRP,COED,PVT,2014,EE,DIPLOMA IN ELECTRICAL & ELECTRONICS ENGINEERING,49955,60422,49955,60422,61883,61883,49955,60422,49955,61637,49955,60422,64140,64140,67008,67008,49955,60422,15780,SBTET
AREB,ARKAY COLLEGE OF ENGG AND TECHNOLOGY,BODHAN,NZB,COED,PVT,2014,CE,DIPLOMA IN CIVIL ENGINEERING,69494,69494,69494,69494,69494,69494,69494,69494,69494,69494,69494,69494,69494,69494,69494,69494,69494,69494,15780,SBTET
AREB,ARKAY COLLEGE OF ENGG AND TECHNOLOGY,BODHAN,NZB,COED,PVT,,EE,DIPLOMA IN ELECTRICAL & ELECTRONICS ENGINEERING,52374,52374,52374,52374,52374,52374,52374,52374,52374,52374,52374,52374,52374,52374,52374,52374,52374,52374,15780,SBTET
ARJN,ARJUN COLLEGE OF TECHNOLOGY AND SCIENCE,BATASINGARAM,RR,COED,PVT,,CS,DIPLOMA IN COMPUTER SCIENCE AND ENGINEERING,23390,23390,46086,46086,62771,62771,23390,23390,49510,49510,55216,61782,67501,67501,68729,68729,30070,30070,15780,SBTET
ARJN,ARJUN COLLEGE OF TECHNOLOGY AND SCIENCE,BATASINGARAM,RR,COED,PVT,2008,EC,DIPLOMA IN ELECTRONICS & COMMUNICATION ENGINEERING,54184,54184,54184,54184,54184,54184,54184,54184,54184,54184,54184,54184,60255,63102,54184,54184,54184,54184,15780,SBTET
ASRA,AVANTHIS SCIENTIFIC TECH AND RESEARCH ACADEMY,HAYATHNAGAR,RR,COED,PVT,2008,CS,DIPLOMA IN COMPUTER SCIENCE AND ENGINEERING,14490,23635,44627,55659,43685,43685,36032,36032,34395,48600,62570,62570,65686,65686,68298,68298,14490,23635,15780,SBTET
ASRA,AVANTHIS SCIENTIFIC TECH AND RESEARCH ACADEMY,HAYATHNAGAR,RR,COED,PVT,1994,EC,DIPLOMA IN ELECTRONICS & COMMUNICATION ENGINEERING,18970,35426,62685,62685,61177,61177,18970,35426,55120,55120,18970,35426,60463,66432,62032,62032,18970,35426,15780,SBTET
BLMP,GOVT POLYTECHNIC,BELLAMPALLI,MNC,COED,GOV,1994,EE,DIPLOMA IN ELECTRICAL & ELECTRONICS ENGINEERING,13698,17034,25713,25713,37601,50978,13698,28306,16175,18727,39203,39203,33516,36610,48437,63082,13698,17034,5080,SBTET
BLMP,GOVT POLYTECHNIC,BELLAMPALLI,MNC,COED,GOV,1994,EI,DIPLOMA IN ELECTRONICS & INSTRUMENTATION ENGINEERING,41149,41149,61464,61464,41149,56735,62414,62414,59866,59866,62166,62166,68456,68456,66705,68260,41149,41149,5080,SBTET
BLMP,GOVT POLYTECHNIC,BELLAMPALLI,MNC,COED,GOV,,MN,DIPLOMA IN MINING ENGINEERING,18143,35134,19880,62303,47011,61544,18143,35134,32151,47362,62234,62234,56273,67164,67774,67774,18143,35134,5080,SBTET
BOMA,BOMMA INST. OF TECHNOLOGY AND SCI.,KHAMMAM,KHM,COED,PVT,,CS,DIPLOMA IN COMPUTER SCIENCE AND ENGINEERING,37087,42412,58472,60742,61040,61040,37087,42412,60463,60463,67072,67072,68814,68814,57392,68008,37087,42412,15780,SBTET
BOMA,BOMMA INST. OF TECHNOLOGY AND SCI.,KHAMMAM,KHM,COED,PVT,,EC,DIPLOMA IN ELECTRONICS & COMMUNICATION ENGINEERING,36843,42094,36843,42094,36843,42094,36843,42094,36843,42094,36843,42094,66072,66072,36843,42094,36843,49238,15780,SBTET
BOMA,BOMMA INST. OF TECHNOLOGY AND SCI.,KHAMMAM,KHM,COED,PVT,2008,EE,DIPLOMA IN ELECTRICAL & ELECTRONICS ENGINEERING,32665,32665,32665,32665,32665,32665,32665,32665,32665,32665,32665,32665,63882,63882,64509,64509,32665,32665,15780,SBTET
BOSE,ANU BOSE INSTT OF TECHNOLOGY,PALONCHA,KGM,COED,PVT,2008,CS,DIPLOMA IN COMPUTER SCIENCE AND ENGINEERING,23675,40517,23675,40517,23675,40517,23675,40517,23675,40517,23675,40517,23675,44036,23675,40517,23675,40517,15780,SBTET
BOSE,ANU BOSE INSTT OF TECHNOLOGY,PALONCHA,KGM,COED,PVT,1993,EE,DIPLOMA IN ELECTRICAL & ELECTRONICS ENGINEERING,64978,64978,64978,64978,64978,64978,64978,64978,64978,64978,64978,64978,64978,64978,64978,64978,64978,64978,15780,SBTET
BRAW,B R AMBEDKAR GMR POLYTECHNIC FOR WOMEN,KARIMNAGAR,KRM,GIRLS,GOV,1993,CS,DIPLOMA IN COMPUTER SCIENCE AND ENGINEERING,NA,1193,NA,1193,NA,4313,NA,1193,NA,1193,NA,16823,NA,25967,NA,13993,NA,52374,5080,SBTET
BRAW,B R AMBEDKAR GMR POLYTECHNIC FOR WOMEN,KARIMNAGAR,KRM,GIRLS,GOV,1993,EC,DIPLOMA IN ELECTRONICS & COMMUNICATION ENGINEERING,NA,2477,NA,11505,NA,6142,NA,2477,NA,9289,NA,2477,NA,42839,NA,66560,NA,2477,5080,SBTET
BRAW,B R AMBEDKAR GMR POLYTECHNIC FOR WOMEN,KARIMNAGAR,KRM,GIRLS,GOV,2009,EI,DIPLOMA IN ELECTRONICS & INSTRUMENTATION ENGINEERING,NA,6638,NA,32100,NA,18267,NA,8888,NA,6638,NA,30050,NA,68870,NA,68473,NA,6638,5080,SBTET
BRIG,BRILLIANT GRAMMER SCHOOL EDNL SOC GRP OF INSTNS,HAYATHNAGAR,RR,COED,PVT,2009,CE,DIPLOMA IN CIVIL ENGINEERING,36693,38107,36693,56444,36693,38107,36693,38107,48356,48356,36693,38107,57251,57251,62938,63568,36693,38107,15780,SBTET
BRIG,BRILLIANT GRAMMER SCHOOL EDNL SOC GRP OF INSTNS,HAYATHNAGAR,RR,COED,PVT,2009,CS,DIPLOMA IN COMPUTER SCIENCE AND ENGINEERING,19763,19763,47785,47785,54384,54384,32554,46275,31668,31668,49955,49955,46749,56118,64318,64318,19763,19763,15780,SBTET
BRIG,BRILLIANT GRAMMER SCHOOL EDNL SOC GRP OF INSTNS,HAYATHNAGAR,RR,COED,PVT,2009,EC,DIPLOMA IN ELECTRONICS & COMMUNICATION ENGINEERING,33053,33053,62234,62234,50215,56181,33053,33053,55532,59952,55253,55253,68899,68899,67876,69315,33053,37497,15780,SBTET
BRIG,BRILLIANT GRAMMER SCHOOL EDNL SOC GRP OF INSTNS,HAYATHNAGAR,RR,COED,PVT,2009,EE,DIPLOMA IN ELECTRICAL & ELECTRONICS ENGINEERING,39676,39676,44984,61370,43592,61086,39676,39676,51855,51855,39676,39676,69209,69331,65797,65797,39676,39676,15780,SBTET
BRIG,BRILLIANT GRAMMER SCHOOL EDNL SOC GRP OF INSTNS,HAYATHNAGAR,RR,COED,PVT,2008,ME,DIPLOMA IN MECHANICAL ENGINEERING,63125,63125,63125,63125,63125,63125,63125,63125,63125,63125,63125,63125,63125,63125,63125,63125,63125,63125,15780,SBTET
BRIL,BRILLIANT INSTT OF ENGG AND TECHNOLOGY,HAYATHNAGAR,RR,COED,PVT,2008,CE,DIPLOMA IN CIVIL ENGINEERING,57564,57564,57564,57564,61782,62234,57564,57564,57564,57564,57564,57564,64140,65760,57564,62771,57564,57564,15780,SBTET
BRIL,BRILLIANT INSTT OF ENGG AND TECHNOLOGY,HAYATHNAGAR,RR,COED,PVT,2008,CS,DIPLOMA IN COMPUTER SCIENCE AND ENGINEERING,16759,16759,49109,49109,55308,55308,20201,20201,17585,36766,33053,33053,44095,66125,68664,68664,16759,16759,15780,SBTET
BRIL,BRILLIANT INSTT OF ENGG AND TECHNOLOGY,HAYATHNAGAR,RR,COED,PVT,2008,EC,DIPLOMA IN ELECTRONICS & COMMUNICATION ENGINEERING,27941,27941,51855,63997,50307,50307,27941,27941,60089,60089,53244,53244,68939,69602,64140,69388,27941,27941,15780,SBTET
BRIL,BRILLIANT INSTT OF ENGG AND TECHNOLOGY,HAYATHNAGAR,RR,COED,PVT,2008,EE,DIPLOMA IN ELECTRICAL & ELECTRONICS ENGINEERING,39832,39832,68509,68509,57963,62644,39832,39832,54598,54598,39832,39832,68192,68192,69668,69668,39832,39832,15780,SBTET
BRIL,BRILLIANT INSTT OF ENGG AND TECHNOLOGY,HAYATHNAGAR,RR,COED,PVT,2014,ME,DIPLOMA IN MECHANICAL ENGINEERING,45755,45755,45755,45755,45755,45755,45755,45755,58540,58540,45755,45755,68113,68113,45755,45755,45755,45755,15780,SBTET
CGNT,GOVERNMENT POLYTECHNIC,CHEGUNTA,MED,COED,GOV,2014,EE,DIPLOMA IN ELECTRICAL & ELECTRONICS ENGINEERING,21652,21652,40766,60867,45310,65117,21652,21652,32100,41193,56914,56914,43083,64318,66072,66305,21652,21652,5080,SBTET
CGNT,GOVERNMENT POLYTECHNIC,CHEGUNTA,MED,COED,GOV,2014,ME,DIPLOMA IN MECHANICAL ENGINEERING,34201,34201,59609,59650,59019,59019,34201,34201,65699,65699,56628,60120,66233,69442,66642,66642,34201,34201,5080,SBTET
CHET,SRI CHAITANYA TECHNICAL CAMPUS,IBRAHIMPATNAM,RR,COED,PVT,2014,CS,DIPLOMA IN COMPUTER SCIENCE AND ENGINEERING,13948,15935,39772,45692,36267,36267,13948,15935,35520,35520,61464,61464,34898,49238,58429,58429,13948,15935,15780,SBTET
CHET,SRI CHAITANYA TECHNICAL CAMPUS,IBRAHIMPATNAM,RR,COED,PVT,2014,EC,DIPLOMA IN ELECTRONICS & COMMUNICATION ENGINEERING,34395,34395,54177,62670,60703,60703,43851,43851,60396,60396,34395,43498,62414,62414,65818,65818,34395,34395,15780,SBTET
CHET,SRI CHAITANYA TECHNICAL CAMPUS,IBRAHIMPATNAM,RR,COED,PVT,2014,ME,DIPLOMA IN MECHANICAL ENGINEERING,45743,45743,57251,57251,45743,45743,45743,45743,45743,45743,45743,45743,45743,45743,48718,48718,45743,45743,15780,SBTET
CJIT,CHRISTU JYOTHI INSTITUTE OF TECHNOLOGY AND SCI.,JANGAON,JGN,COED,PVT,1998,EC,DIPLOMA IN ELECTRONICS & COMMUNICATION ENGINEERING,13120,21688,31661,53287,61245,61245,13120,21688,64773,64773,67747,67747,47101,47101,48415,48415,13120,21688,15780,SBTET
CJIT,CHRISTU JYOTHI INSTITUTE OF TECHNOLOGY AND SCI.,JANGAON,JGN,COED,PVT,1998,EE,DIPLOMA IN ELECTRICAL & ELECTRONICS ENGINEERING,24182,24182,65430,65430,66018,66018,24182,24182,24182,24182,24182,24182,66182,66182,66553,66553,24182,24182,15780,SBTET
CRYL,GOVT POLYTECHNIC,CHERIYAL,SDP,COED,GOV,2016,CE,DIPLOMA IN CIVIL ENGINEERING,28339,28339,59508,59508,61883,61883,28339,28339,57598,57598,28339,28339,65478,65478,68341,68341,28339,28339,5080,SBTET
CRYL,GOVT POLYTECHNIC,CHERIYAL,SDP,COED,GOV,2016,EE,DIPLOMA IN ELECTRICAL & ELECTRONICS ENGINEERING,19200,19200,51940,54251,55253,56830,19200,19200,35702,55383,46275,46275,66164,69704,68070,68070,19200,19200,5080,SBTET
DARE,DARIPALLY ANANTHA RAMULU COLLEGE OF ENGG. AND TECH,KHAMMAM,KHM,COED,PVT,2007,CS,DIPLOMA IN COMPUTER SCIENCE AND ENGINEERING,32438,32438,32438,53187,32438,32438,32438,32438,32438,32438,32438,32438,32438,32438,32438,32438,32438,32438,15780,SBTET
DARE,DARIPALLY ANANTHA RAMULU COLLEGE OF ENGG. AND TECH,KHAMMAM,KHM,COED,PVT,2007,EE,DIPLOMA IN ELECTRICAL & ELECTRONICS ENGINEERING,49572,49572,49572,49572,49572,49572,49572,49572,49572,49572,49572,49572,49572,49572,49572,49572,49572,49572,15780,SBTET
DARE,DARIPALLY ANANTHA RAMULU COLLEGE OF ENGG. AND TECH,KHAMMAM,KHM,COED,PVT,2007,MN,DIPLOMA IN MINING ENGINEERING,39622,39622,39622,39622,66432,66432,39622,39622,39622,39622,39622,39622,66823,66823,64521,64521,39622,39622,15780,SBTET
DDHD,S D D TT I FOR WOMEN,HYDERABAD,HYD,GIRLS,GOV,2007,CE,DIPLOMA IN CIVIL ENGINEERING,NA,14374,NA,14374,NA,41455,NA,14374,NA,14374,NA,33370,NA,32867,NA,39025,NA,14374,5080,SBTET
DDHD,S D D TT I FOR WOMEN,HYDERABAD,HYD,GIRLS,GOV,1980,CS,DIPLOMA IN COMPUTER SCIENCE AND ENGINEERING,NA,2294,NA,11829,NA,3126,NA,2294,NA,2294,NA,2294,NA,3446,NA,12812,NA,2729,5080,SBTET
DDHD,S D D TT I FOR WOMEN,HYDERABAD,HYD,GIRLS,GOV,1980,EC,DIPLOMA IN ELECTRONICS & COMMUNICATION ENGINEERING,NA,3931,NA,3931,NA,6398,NA,3931,NA,5120,NA,3931,NA,7985,NA,25646,NA,12040,5080,SBTET
DDHD,S D D TT I FOR WOMEN,HYDERABAD,HYD,GIRLS,GOV,1980,EE,DIPLOMA IN ELECTRICAL & ELECTRONICS ENGINEERING,NA,4964,NA,4964,NA,7729,NA,4964,NA,8978,NA,4964,NA,17747,NA,26532,NA,61245,5080,SBTET
ELEN,ELLENKI COLLGE OF ENGG. AND TECHNOLOGY,PATANCHERU,SRD,COED,PVT,1980,CE,DIPLOMA IN CIVIL ENGINEERING,36447,36447,36447,36447,62435,62435,36447,59161,36447,36447,53104,53104,64351,64351,52751,52751,36447,36447,15780,SBTET
ELEN,ELLENKI COLLGE OF ENGG. AND TECHNOLOGY,PATANCHERU,SRD,COED,PVT,2001,CS,DIPLOMA IN COMPUTER SCIENCE AND ENGINEERING,21583,22834,61124,61124,42966,44926,21583,22834,45095,50901,30094,46546,67275,69535,66432,66563,22479,37497,15780,SBTET
ELEN,ELLENKI COLLGE OF ENGG. AND TECHNOLOGY,PATANCHERU,SRD,COED,PVT,2001,EC,DIPLOMA IN ELECTRONICS & COMMUNICATION ENGINEERING,26033,26248,53474,56072,31334,60120,38443,38443,48567,55469,62081,62081,66214,66512,64538,64538,26033,26248,15780,SBTET
ELEN,ELLENKI COLLGE OF ENGG. AND TECHNOLOGY,PATANCHERU,SRD,COED,PVT,2001,EE,DIPLOMA IN ELECTRICAL & ELECTRONICS ENGINEERING,15052,37430,66432,66432,57012,57012,15052,37430,43481,43481,39469,39469,63042,63042,15052,37430,15052,37430,15780,SBTET
ELEN,ELLENKI COLLGE OF ENGG. AND TECHNOLOGY,PATANCHERU,SRD,COED,PVT,2001,ME,DIPLOMA IN MECHANICAL ENGINEERING,37269,37269,66164,66164,37269,37269,37269,37269,37269,37269,37269,37269,37269,37269,55228,55228,37269,37269,15780,SBTET
GDWL,GOVERNMENT POLYTECHNIC,GADWAL,GDL,COED,GOV,2001,CS,DIPLOMA IN COMPUTER SCIENCE AND ENGINEERING,5684,6354,15191,21497,13303,13303,5684,12630,24659,24659,13397,13397,21884,64681,47751,65888,21799,43759,5080,SBTET
GDWL,GOVERNMENT POLYTECHNIC,GADWAL,GDL,COED,GOV,2009,EC,DIPLOMA IN ELECTRONICS & COMMUNICATION ENGINEERING,10070,12250,20596,25316,42350,53817,10070,12250,36843,36843,19920,19920,39622,54598,66661,66661,10070,12250,5080,SBTET
GNPR,GOVT.POLYTECHNIC,STATION GHANAPUR,JGN,COED,GOV,2009,CE,DIPLOMA IN CIVIL ENGINEERING,13661,23191,50579,50579,45162,51812,13661,23191,35563,38318,68573,68573,66796,66796,66164,66573,13661,23191,5080,SBTET
GNPR,GOVT.POLYTECHNIC,STATION GHANAPUR,JGN,COED,GOV,2008,EE,DIPLOMA IN ELECTRICAL & ELECTRONICS ENGINEERING,13980,16033,26048,34663,30389,35814,22389,22389,22256,22256,50501,61245,45122,45122,68070,68070,23143,23143,5080,SBTET
GPWS,GOVT POLYTECHNIC FOR WOMEN,SECUNDERABAD,HYD,GIRLS,GOV,2008,CE,DIPLOMA IN CIVIL ENGINEERING,NA,11578,NA,20242,NA,18572,NA,16109,NA,25689,NA,46275,NA,43759,NA,41409,NA,30788,5080,SBTET
GPWS,GOVT POLYTECHNIC FOR WOMEN,SECUNDERABAD,HYD,GIRLS,GOV,2019,CS,DIPLOMA IN COMPUTER SCIENCE AND ENGINEERING,NA,1439,NA,1581,NA,2025,NA,1439,NA,2460,NA,9846,NA,13350,NA,15400,NA,2745,5080,SBTET
GPWS,GOVT POLYTECHNIC FOR WOMEN,SECUNDERABAD,HYD,GIRLS,GOV,2019,EC,DIPLOMA IN ELECTRONICS & COMMUNICATION ENGINEERING,NA,2764,NA,8474,NA,5595,NA,52659,NA,5052,NA,51187,NA,17585,NA,24063,NA,13604,5080,SBTET
GPWS,GOVT POLYTECHNIC FOR WOMEN,SECUNDERABAD,HYD,GIRLS,GOV,2019,EE,DIPLOMA IN ELECTRICAL & ELECTRONICS ENGINEERING,NA,7043,NA,14544,NA,11147,NA,9758,NA,9593,NA,21993,NA,32851,NA,46617,NA,13937,5080,SBTET
GPWS,GOVT POLYTECHNIC FOR WOMEN,SECUNDERABAD,HYD,GIRLS,GOV,2019,HS,DIPLOMA IN HOME SCIENCE,NA,46135,NA,53330,NA,46135,NA,51665,NA,61782,NA,46135,NA,67099,NA,60463,NA,51553,5080,SBTET
GTSR,GAYATRI INST OF TECH AND SCI,WANAPARTHY,WNP,COED,PVT,2019,CE,DIPLOMA IN CIVIL ENGINEERING,40928,40928,40928,40928,61370,61370,40928,40928,57212,57212,54564,54564,68858,68858,40928,40928,40928,40928,15780,SBTET
GTSR,GAYATRI INST OF TECH AND SCI,WANAPARTHY,WNP,COED,PVT,2010,CS,DIPLOMA IN COMPUTER SCIENCE AND ENGINEERING,22742,22742,31951,47751,37209,37349,22742,22742,56674,56674,25226,25226,60867,64746,34562,65522,56273,56273,15780,SBTET
GTSR,GAYATRI INST OF TECH AND SCI,WANAPARTHY,WNP,COED,PVT,2010,EC,DIPLOMA IN ELECTRONICS & COMMUNICATION ENGINEERING,8345,8345,57733,57733,46450,46450,8345,8345,49510,55740,42162,58381,66531,67707,68328,68328,8345,38107,15780,SBTET
GTSR,GAYATRI INST OF TECH AND SCI,WANAPARTHY,WNP,COED,PVT,2010,EE,DIPLOMA IN ELECTRICAL & ELECTRONICS ENGINEERING,48673,48673,57604,57604,57158,57158,48673,48673,52374,59161,48673,48673,64616,68456,67830,67830,48673,48673,15780,SBTET
GWMB,GOVT POLY. FOR WOMEN AND MINORITIES,BADANGPET,RR,GIRLS,GOV,2010,CS,DIPLOMA IN COMPUTER SCIENCE AND ENGINEERING,NA,58540,NA,58540,NA,58540,NA,58540,NA,58540,NA,59609,NA,58540,NA,58540,NA,58540,5080,SBTET
GWMB,GOVT POLY. FOR WOMEN AND MINORITIES,BADANGPET,RR,GIRLS,GOV,1998,EC,DIPLOMA IN ELECTRONICS & COMMUNICATION ENGINEERING,NA,39772,NA,39772,NA,39772,NA,39772,NA,39772,NA,39772,NA,39772,NA,39772,NA,39772,5080,SBTET
GWMB,GOVT POLY. FOR WOMEN AND MINORITIES,BADANGPET,RR,GIRLS,GOV,1998,EE,DIPLOMA IN ELECTRICAL & ELECTRONICS ENGINEERING,NA,40820,NA,43537,NA,40820,NA,40820,NA,40820,NA,40820,NA,41409,NA,40820,NA,40820,5080,SBTET
GWNZ,GOVT POLYTECHNIC FOR WOMEN,NIZAMABAD,NZB,GIRLS,GOV,1998,CE,DIPLOMA IN CIVIL ENGINEERING,NA,13560,NA,59682,NA,24914,NA,24327,NA,24635,NA,31951,NA,56874,NA,51515,NA,43268,5080,SBTET
GWNZ,GOVT POLYTECHNIC FOR WOMEN,NIZAMABAD,NZB,GIRLS,GOV,1988,EC,DIPLOMA IN ELECTRONICS & COMMUNICATION ENGINEERING,NA,6304,NA,15516,NA,9903,NA,6304,NA,9467,NA,27396,NA,47362,NA,42694,NA,18748,5080,SBTET
GZWL,GOVT MODEL RESIDENTIAL POLYTECHNIC,GAJWEL,SDP,BOYS,GOV,1988,CCP,DIPLOMA IN COMMERCIAL & COMPUTER PRACTICE,28161,28161,59903,59903,28161,28161,28161,28161,54098,54098,28161,28161,66705,66705,28161,28161,28161,28161,5080,SBTET
GZWL,GOVT MODEL RESIDENTIAL POLYTECHNIC,GAJWEL,SDP,BOYS,GOV,1988,EC,DIPLOMA IN ELECTRONICS & COMMUNICATION ENGINEERING,10768,10768,38817,38817,14408,14408,10768,10768,10768,10768,10768,10768,67671,67671,51201,51201,44627,44627,5080,SBTET
GZWL,GOVT MODEL RESIDENTIAL POLYTECHNIC,GAJWEL,SDP,BOYS,GOV,1988,ME,DIPLOMA IN MECHANICAL ENGINEERING,11101,11101,37821,37821,62644,62644,23228,23228,58453,58453,51227,51227,69532,69532,55659,55659,11101,11101,5080,SBTET
HOLY,HOLY MARY INSTITUTE OF TECH. SCIENCE,KEESARA,MDL,COED,PVT,1988,CE,DIPLOMA IN CIVIL ENGINEERING,52659,54947,52659,54947,52659,54947,52659,54947,52659,54947,52659,54947,52659,54947,52659,54947,52659,54947,15780,SBTET
HOLY,HOLY MARY INSTITUTE OF TECH. SCIENCE,KEESARA,MDL,COED,PVT,2017,EC,DIPLOMA IN ELECTRONICS & COMMUNICATION ENGINEERING,26028,26028,35942,35942,53474,58381,26028,26028,44304,44304,47952,58291,67838,67838,68125,68125,26028,43498,15780,SBTET
HOLY,HOLY MARY INSTITUTE OF TECH. SCIENCE,KEESARA,MDL,COED,PVT,2017,EE,DIPLOMA IN ELECTRICAL & ELECTRONICS ENGINEERING,37738,37738,37738,37738,37738,37738,37738,37738,37738,58638,56735,56735,64934,64934,37738,37738,37738,57315,15780,SBTET
HOLY,HOLY MARY INSTITUTE OF TECH. SCIENCE,KEESARA,MDL,COED,PVT,2009,ME,DIPLOMA IN MECHANICAL ENGINEERING,57658,57658,57658,57658,57658,57658,57658,57658,57658,57658,57658,57658,57658,57658,57658,57658,57658,57658,15780,SBTET
HSBD,GOVERNMENT POLYTECHNIC,HUSNABAD,SDP,COED,GOV,2009,CE,DIPLOMA IN CIVIL ENGINEERING,22239,22239,55914,55914,45030,59508,61086,61086,49109,58381,22239,58200,69531,69531,67984,67984,22239,22239,5080,SBTET
HSBD,GOVERNMENT POLYTECHNIC,HUSNABAD,SDP,COED,GOV,2009,EE,DIPLOMA IN ELECTRICAL & ELECTRONICS ENGINEERING,21688,21688,56340,56340,31980,42050,21688,21688,60354,60354,57818,58472,67501,67501,69167,69167,40658,40658,5080,SBTET
IITT,INDUR INSTITUTE OF ENGINEERING AND TECHNOLOGY,SIDDIPET,SDP,COED,PVT,1981,CS,DIPLOMA IN COMPUTER SCIENCE AND ENGINEERING,28721,28721,46873,46873,42233,55914,28721,28721,31500,36610,54023,54023,59650,59650,56841,56841,49465,57515,15780,SBTET
IITT,INDUR INSTITUTE OF ENGINEERING AND TECHNOLOGY,SIDDIPET,SDP,COED,PVT,1981,EC,DIPLOMA IN ELECTRONICS & COMMUNICATION ENGINEERING,24886,26448,48718,59650,59818,59818,24886,26448,50974,50974,35023,35023,64117,64117,66112,66112,24886,26448,15780,SBTET
IITT,INDUR INSTITUTE OF ENGINEERING AND TECHNOLOGY,SIDDIPET,SDP,COED,PVT,1981,EE,DIPLOMA IN ELECTRICAL & ELECTRONICS ENGINEERING,45328,56072,45328,56495,62661,62661,45328,56072,48066,56072,45328,56072,64430,64430,45328,56072,45328,59839,15780,SBTET
IOES,GOVT INSTITUTE OF ELECTRONICS,SECUNDERABAD,HYD,COED,GOV,1981,AI,DIPLOMA IN ARTIFICIAL INTELLIGENCE AND MACHINE LEARNING,471,471,471,1317,925,925,17820,17820,692,909,471,471,5593,5593,1920,5344,2494,4452,5080,SBTET
IOES,GOVT INSTITUTE OF ELECTRONICS,SECUNDERABAD,HYD,COED,GOV,1981,BM,DIPLOMA IN BIOMEDICAL ENGINEERING,5536,5756,29632,29632,14830,14830,5536,5756,15721,15721,5536,5756,33388,33706,39292,49667,41537,41537,5080,SBTET
IOES,GOVT INSTITUTE OF ELECTRONICS,SECUNDERABAD,HYD,COED,GOV,1981,CCB,DIPLOMA IN CLOUD COMPUTING AND BIG DATA,1928,1928,4403,5108,2797,3019,1928,7493,3387,6066,6047,6890,10358,24248,14138,14138,3659,4086,5080,SBTET
IOES,GOVT INSTITUTE OF ELECTRONICS,SECUNDERABAD,HYD,COED,GOV,1981,CPS,DIPLOMA IN CYBER PHYSICAL SYSTEMS AND SECURITY,1190,1237,6664,6664,3562,3562,1190,1237,1190,2680,9419,9419,14037,14037,8498,36005,5450,6406,5080,SBTET
IOES,GOVT INSTITUTE OF ELECTRONICS,SECUNDERABAD,HYD,COED,GOV,1981,CS,DIPLOMA IN COMPUTER SCIENCE AND ENGINEERING,439,439,4757,4871,944,1305,439,439,941,941,1530,1530,4613,4613,3026,3026,2138,2138,5080,SBTET
IOES,GOVT INSTITUTE OF ELECTRONICS,SECUNDERABAD,HYD,COED,GOV,1981,EC,DIPLOMA IN ELECTRONICS & COMMUNICATION ENGINEERING,1111,1237,3065,3065,1470,2074,1111,1237,2064,3693,1111,1237,4977,4977,10835,12767,4104,5351,5080,SBTET
IOES,GOVT INSTITUTE OF ELECTRONICS,SECUNDERABAD,HYD,COED,GOV,2012,EI,DIPLOMA IN ELECTRONICS & INSTRUMENTATION ENGINEERING,770,770,8438,8438,8907,9885,7958,8292,9353,10745,770,25162,19001,25705,44815,52751,27542,34430,5080,SBTET
IOES,GOVT INSTITUTE OF ELECTRONICS,SECUNDERABAD,HYD,COED,GOV,2012,ES,DIPLOMA IN EMBEDDED SYSTEMS ENGINEERING,416,2200,7199,9494,5722,6790,416,2200,4983,6229,3876,3876,12387,12387,43851,43851,10062,10644,5080,SBTET
IOES,GOVT INSTITUTE OF ELECTRONICS,SECUNDERABAD,HYD,COED,GOV,2012,EV,DIPLOMA IN ELECTRONICS AND VIDEO ENGINEERING,12970,12970,30552,30552,21022,22056,12970,12970,15191,16950,12970,49891,36092,43268,65912,65912,60309,60309,5080,SBTET
JGPT,GOVT.POLYTECHNIC,JOGIPET,SRD,COED,GOV,2014,EC,DIPLOMA IN ELECTRONICS & COMMUNICATION ENGINEERING,12892,12892,36693,40166,29311,51940,12892,48207,24248,27736,30547,30547,63444,63444,67774,67774,33811,33811,5080,SBTET
JGPT,GOVT.POLYTECHNIC,JOGIPET,SRD,COED,GOV,2014,EE,DIPLOMA IN ELECTRICAL & ELECTRONICS ENGINEERING,17897,18973,51009,56983,41537,55040,27886,27886,48066,48066,54598,60175,63483,63483,69139,69139,17897,18973,5080,SBTET
JGPT,GOVT.POLYTECHNIC,JOGIPET,SRD,COED,GOV,2009,ME,DIPLOMA IN MECHANICAL ENGINEERING,28721,57450,58927,61607,65522,65522,28721,57450,62710,62710,56273,57450,67924,67924,58738,68782,28721,57450,5080,SBTET
JGPW,GOVERNMENT POLYTECHNIC FOR WOMEN,JOGIPET,SRD,GIRLS,GOV,2009,CS,DIPLOMA IN COMPUTER SCIENCE AND ENGINEERING,NA,10080,NA,56856,NA,20656,NA,12392,NA,12074,NA,21977,NA,31714,NA,31052,NA,34187,5080,SBTET
JGPW,GOVERNMENT POLYTECHNIC FOR WOMEN,JOGIPET,SRD,GIRLS,GOV,2009,EC,DIPLOMA IN ELECTRONICS & COMMUNICATION ENGINEERING,NA,12318,NA,57180,NA,22375,NA,12318,NA,16257,NA,30481,NA,42839,NA,59019,NA,52268,5080,SBTET
JMTS,JYOTHISHMATHI INSTITUTE OF TECHNOLOGY AND SCI.,KARIMNAGAR,KRM,COED,PVT,1958,CS,DIPLOMA IN COMPUTER SCIENCE AND ENGINEERING,17811,17811,56181,62398,48673,49572,17811,31436,44095,52836,54104,54104,67717,67717,69227,69227,36369,57658,15780,SBTET
JMTS,JYOTHISHMATHI INSTITUTE OF TECHNOLOGY AND SCI.,KARIMNAGAR,KRM,COED,PVT,1958,EC,DIPLOMA IN ELECTRONICS & COMMUNICATION ENGINEERING,31334,31334,61883,61883,56072,56072,34749,34749,51553,51553,56495,56495,68260,68395,68192,68192,57329,57329,15780,SBTET
JMTS,JYOTHISHMATHI INSTITUTE OF TECHNOLOGY AND SCI.,KARIMNAGAR,KRM,COED,PVT,1958,EE,DIPLOMA IN ELECTRICAL & ELECTRONICS ENGINEERING,41537,41537,62771,62771,62234,62234,41537,41537,61883,61883,56181,56181,68239,68239,68931,68931,41537,41537,15780,SBTET
JNGP,J N GOVT POLYTECHNIC,RAMANTHAPUR,MDL,COED,GOV,1958,CE,DIPLOMA IN CIVIL ENGINEERING,7313,9203,22847,22847,16514,16514,20458,20458,13137,24763,21188,58738,34339,34339,29632,46233,44095,45880,5080,SBTET
JNGP,J N GOVT POLYTECHNIC,RAMANTHAPUR,MDL,COED,GOV,1958,CH,DIPLOMA IN CHEMICAL ENGINEERING,12857,13993,37160,37160,36343,50608,12857,36736,25025,29125,19907,44860,38353,38353,33357,64904,27886,27886,5080,SBTET
JNGP,J N GOVT POLYTECHNIC,RAMANTHAPUR,MDL,COED,GOV,1958,EC,DIPLOMA IN ELECTRONICS & COMMUNICATION ENGINEERING,1331,1825,4189,4189,3687,5654,23066,23066,1841,2064,5756,5756,9838,13467,12112,12719,4035,8175,5080,SBTET
JNGP,J N GOVT POLYTECHNIC,RAMANTHAPUR,MDL,COED,GOV,1958,EE,DIPLOMA IN ELECTRICAL & ELECTRONICS ENGINEERING,3136,7663,7199,10212,5425,8159,32454,32454,5822,7663,10752,18727,15155,17883,16233,28992,11640,28077,5080,SBTET
JNGP,J N GOVT POLYTECHNIC,RAMANTHAPUR,MDL,COED,GOV,,ME,DIPLOMA IN MECHANICAL ENGINEERING,10506,12474,22238,50029,13267,27870,10506,58200,13755,25004,21898,56799,22327,61637,26428,50259,35385,60617,5080,SBTET
JNGP,J N GOVT POLYTECHNIC,RAMANTHAPUR,MDL,COED,GOV,,MT,DIPLOMA IN METALLURGICAL ENGINEERING,15961,40260,60398,60398,57315,67336,15961,40260,40852,54104,62744,62744,68056,68056,65251,67259,15961,40260,5080,SBTET
JNGPSW,J N GOVT POLYTECHNIC,RAMANTHAPUR,MDL,COED,GOV,,PK,DIPLOMA IN PACKAGING TECHNOLOGY,23886,28464,60952,60952,43079,51273,23886,28464,47687,52590,58472,58472,61974,61974,69330,69330,34749,49667,5080,SBTET
JPNE,JAYA PRAKASH NARAYAN COLLEGE OF ENGINEERING,MAHABUBNAGAR,MBN,COED,PVT,,CE,DIPLOMA IN CIVIL ENGINEERING,44627,44627,44627,44627,44627,44627,44627,44627,44627,44627,44627,44627,64978,64978,44627,44627,44627,44627,15780,SBTET
JPNE,JAYA PRAKASH NARAYAN COLLEGE OF ENGINEERING,MAHABUBNAGAR,MBN,COED,PVT,,CS,DIPLOMA IN COMPUTER SCIENCE AND ENGINEERING,22983,22983,56856,56856,61177,61177,22983,54564,41537,41537,31576,33783,51553,54198,61693,65912,22983,22983,15780,SBTET
JPNE,JAYA PRAKASH NARAYAN COLLEGE OF ENGINEERING,MAHABUBNAGAR,MBN,COED,PVT,2001,EC,DIPLOMA IN ELECTRONICS & COMMUNICATION ENGINEERING,36693,36693,58638,58638,60742,60742,36693,36693,59386,59386,36693,61782,69266,69266,46333,55253,36693,42839,15780,SBTET
JPNE,JAYA PRAKASH NARAYAN COLLEGE OF ENGINEERING,MAHABUBNAGAR,MBN,COED,PVT,2001,EE,DIPLOMA IN ELECTRICAL & ELECTRONICS ENGINEERING,47920,47920,47920,47920,47920,47920,47920,47920,47920,60720,52456,53353,67984,67984,57064,57064,47920,47920,15780,SBTET
KCEA,KSHATRIYA COLLEGE OF ENGINEERING,ARMOOR,NZB,COED,PVT,2001,CE,DIPLOMA IN CIVIL ENGINEERING,32351,39083,32351,54440,61782,61782,32351,39083,32351,57180,32351,39083,68051,68051,32351,39083,32351,39083,15780,SBTET
KCEA,KSHATRIYA COLLEGE OF ENGINEERING,ARMOOR,NZB,COED,PVT,2001,CS,DIPLOMA IN COMPUTER SCIENCE AND ENGINEERING,21484,21484,29143,40820,22083,22083,21484,21484,49751,51553,25762,56735,49861,58472,53741,53741,22653,22653,15780,SBTET
KCEA,KSHATRIYA COLLEGE OF ENGINEERING,ARMOOR,NZB,COED,PVT,2001,EC,DIPLOMA IN ELECTRONICS & COMMUNICATION ENGINEERING,22132,22132,61177,61177,39025,39025,22132,22132,54198,54198,57658,57658,66992,66992,68271,68271,22132,34244,15780,SBTET
KCEA,KSHATRIYA COLLEGE OF ENGINEERING,ARMOOR,NZB,COED,PVT,2008,EE,DIPLOMA IN ELECTRICAL & ELECTRONICS ENGINEERING,38223,39525,55175,55175,61464,61464,38223,39525,62234,62234,38223,39525,67259,67259,68841,68841,38223,39525,15780,SBTET
KDDW,KODADA INST OF TECHNOLOGY AND SCIENCE FOR WOMEN,KODADA,SRP,GIRLS,PVT,2008,CS,DIPLOMA IN COMPUTER SCIENCE AND ENGINEERING,NA,22266,NA,39083,NA,62468,NA,22266,NA,64795,NA,50114,NA,67747,NA,69499,NA,22266,15780,SBTET
KDDW,KODADA INST OF TECHNOLOGY AND SCIENCE FOR WOMEN,KODADA,SRP,GIRLS,PVT,2008,EC,DIPLOMA IN ELECTRONICS & COMMUNICATION ENGINEERING,NA,38867,NA,59765,NA,49379,NA,38867,NA,61974,NA,38867,NA,67308,NA,55659,NA,38867,15780,SBTET
KDDW,KODADA INST OF TECHNOLOGY AND SCIENCE FOR WOMEN,KODADA,SRP,GIRLS,PVT,2008,EE,DIPLOMA IN ELECTRICAL & ELECTRONICS ENGINEERING,NA,50794,NA,62166,NA,60952,NA,50794,NA,50794,NA,64091,NA,60120,NA,64056,NA,50794,15780,SBTET
KLRT,K.L.R.COLLEGE OF ENGG AND TECHNOLOGY PALONCHA,PALONCHA,KGM,COED,PVT,2008,CS,DIPLOMA IN COMPUTER SCIENCE AND ENGINEERING,54177,54177,54177,54177,68386,68386,54177,54177,54177,54177,54177,54177,54177,55383,54177,54177,54177,54177,15780,SBTET
KLRT,K.L.R.COLLEGE OF ENGG AND TECHNOLOGY PALONCHA,PALONCHA,KGM,COED,PVT,2008,EE,DIPLOMA IN ELECTRICAL & ELECTRONICS ENGINEERING,59573,59573,64071,64071,59573,59573,59573,59573,59573,59573,59573,59573,63786,63786,67356,67356,59573,59573,15780,SBTET
KLRT,K.L.R.COLLEGE OF ENGG AND TECHNOLOGY PALONCHA,PALONCHA,KGM,COED,PVT,2008,MN,DIPLOMA IN MINING ENGINEERING,45880,45880,45880,45880,45880,45880,45880,45880,45880,45880,45880,45880,66456,66456,68186,68186,45880,45880,15780,SBTET
KNRR,KASIREDDY NARAYANAREDDY COLL ENGG RES.,HAYATHNAGAR,RR,COED,PVT,2008,CE,DIPLOMA IN CIVIL ENGINEERING,30301,30301,47362,50029,55469,58092,30301,30301,52495,59161,50794,50794,67180,67180,43368,51782,30301,30301,15780,SBTET
KNRR,KASIREDDY NARAYANAREDDY COLL ENGG RES.,HAYATHNAGAR,RR,COED,PVT,2008,CS,DIPLOMA IN COMPUTER SCIENCE AND ENGINEERING,12110,12110,41336,41336,53314,53314,12110,12110,19993,20056,21407,21407,30760,30760,40615,40615,52186,52186,15780,SBTET
KNRR,KASIREDDY NARAYANAREDDY COLL ENGG RES.,HAYATHNAGAR,RR,COED,PVT,2008,EC,DIPLOMA IN ELECTRONICS & COMMUNICATION ENGINEERING,23622,23622,30861,61693,48912,48912,23622,23622,31617,31714,56893,56893,65841,65841,60952,69180,34855,34855,15780,SBTET
KNRR,KASIREDDY NARAYANAREDDY COLL ENGG RES.,HAYATHNAGAR,RR,COED,PVT,2008,EE,DIPLOMA IN ELECTRICAL & ELECTRONICS ENGINEERING,36183,36183,51940,66942,41370,59970,36183,36183,54226,66072,36183,54279,66456,66456,67692,67692,36183,36183,15780,SBTET
KNRR,KASIREDDY NARAYANAREDDY COLL ENGG RES.,HAYATHNAGAR,RR,COED,PVT,2008,ME,DIPLOMA IN MECHANICAL ENGINEERING,25354,25354,56809,57733,58960,58960,25354,25354,56958,56958,61974,61974,64871,64871,65651,65651,25354,25354,15780,SBTET
KRTL,GOVT.POLYTECHNIC,KORUTLA,JTL,COED,GOV,2008,CE,DIPLOMA IN CIVIL ENGINEERING,26671,26671,53244,59291,49572,49572,26671,46749,46691,46691,37821,50259,63972,67640,66531,66661,26671,26671,5080,SBTET
KRTL,GOVT.POLYTECHNIC,KORUTLA,JTL,COED,GOV,2008,ME,DIPLOMA IN MECHANICAL ENGINEERING,34806,34806,58200,58200,66456,68612,61607,61607,57352,61139,65458,65458,64835,67794,68644,68644,34806,34806,5080,SBTET
KSGI,GOVERNMENT ENGINEERING COLLEGE KOSGI,KOSGI,NPT,COED,GOV,2008,CE,DIPLOMA IN CIVIL ENGINEERING,30642,35520,50589,62063,54564,54564,30642,35520,49163,49163,30642,35520,30642,64091,69116,69116,30642,35520,5080,SBTET
KSGI,GOVERNMENT ENGINEERING COLLEGE KOSGI,KOSGI,NPT,COED,GOV,2008,EE,DIPLOMA IN ELECTRICAL & ELECTRONICS ENGINEERING,21613,25040,55817,55817,39025,39025,38539,40204,39885,50238,44544,44544,66642,68316,65714,68927,31211,31211,5080,SBTET
KSGI,GOVERNMENT ENGINEERING COLLEGE KOSGI,KOSGI,NPT,COED,GOV,2014,ME,DIPLOMA IN MECHANICAL ENGINEERING,55590,55590,55590,55590,60742,60742,55590,55590,55590,55590,55590,55590,55590,55590,69707,69707,55590,55590,5080,SBTET
KTGM,GOVT POLYTECHNIC ,KOTHAGUDEM,KGM,COED,GOV,2014,CE,DIPLOMA IN CIVIL ENGINEERING,25436,28605,62898,69468,68023,68023,52456,52456,54440,54720,56674,67939,67259,68556,68944,68944,25436,28605,5080,SBTET
KTGM,GOVT POLYTECHNIC ,KOTHAGUDEM,KGM,COED,GOV,2014,EE,DIPLOMA IN ELECTRICAL & ELECTRONICS ENGINEERING,9134,9134,15082,17389,22457,23255,9134,9134,15876,20354,19934,19934,31912,31912,30760,30760,40412,40412,5080,SBTET
KTGM,GOVT POLYTECHNIC ,KOTHAGUDEM,KGM,COED,GOV,1957,EI,DIPLOMA IN ELECTRONICS & INSTRUMENTATION ENGINEERING,36961,43001,61245,61245,51273,51273,36961,43001,61370,61370,58927,58927,49510,55228,54598,54598,36961,43001,5080,SBTET
KTGM,GOVT POLYTECHNIC ,KOTHAGUDEM,KGM,COED,GOV,1957,ME,DIPLOMA IN MECHANICAL ENGINEERING,33053,33053,58429,68467,61177,68590,33053,33053,48673,69706,59765,59765,62570,65714,65699,69715,33053,33053,5080,SBTET
KTGM,GOVT POLYTECHNIC ,KOTHAGUDEM,KGM,COED,GOV,1957,MN,DIPLOMA IN MINING ENGINEERING,23265,37821,41911,41911,23265,55617,33224,37821,26916,37821,62913,62913,25747,54524,37160,65859,48854,48854,5080,SBTET
KTGM,GOVT POLYTECHNIC ,KOTHAGUDEM,KGM,COED,GOV,1957,MT,DIPLOMA IN METALLURGICAL ENGINEERING,39180,39180,39180,39180,39180,39180,39180,39180,39180,39180,39180,39180,39180,39180,39180,39180,39180,39180,5080,SBTET
KTGR,GOVT.POLYTECHNIC,KOTAGIRI,NZB,COED,GOV,1957,EE,DIPLOMA IN ELECTRICAL & ELECTRONICS ENGINEERING,21484,26017,21484,26017,50182,54883,21484,26017,54328,54328,46749,46749,68818,68818,50215,69421,21484,26017,5080,SBTET
KTGR,GOVT.POLYTECHNIC,KOTAGIRI,NZB,COED,GOV,1957,ME,DIPLOMA IN MECHANICAL ENGINEERING,40245,42919,40245,42919,40245,54301,44627,44627,40245,64538,40245,42919,68040,68040,54947,54947,40245,42919,5080,SBTET
KTRM,GOVT.POLYTECHNIC,KATARAM,JBP,COED,GOV,2008,EC,DIPLOMA IN ELECTRONICS & COMMUNICATION ENGINEERING,13918,13918,28708,32259,44148,44148,21153,21153,21977,53033,42050,42050,51610,51610,67092,67092,13918,13918,5080,SBTET
KTRM,GOVT.POLYTECHNIC,KATARAM,JBP,COED,GOV,2008,ME,DIPLOMA IN MECHANICAL ENGINEERING,34911,34911,62847,62847,68600,68600,34911,34911,59291,59291,34911,34911,67585,67585,69407,69407,34911,34911,5080,SBTET
LTHD,GOVT. INSTT OF LEATHER TECHNOLOGY,HYDERABAD,HYD,COED,GOV,2008,LF,DIPLOMA IN LEATHER AND FASHION TECHNOLOGY,64669,64669,68954,68954,64669,64669,64669,64669,64669,64669,64669,64669,64669,64669,69153,69153,64669,64669,5080,SBTET
LTHD,GOVT. INSTT OF LEATHER TECHNOLOGY,HYDERABAD,HYD,COED,GOV,2008,LG,DIPLOMA IN LEATHER GOODS & FOOTWEAR TECHNOLOGY,27026,29457,62518,62518,54780,62368,27026,29457,27026,47445,57983,57983,59459,68498,47362,69581,27026,29457,5080,SBTET
MAHM,GOVERNMENT POLYTECHNIC,MAHESHWARAM,RR,COED,GOV,1980,CE,DIPLOMA IN CIVIL ENGINEERING,19704,19704,60742,60742,36511,36511,45310,45310,38970,43592,19704,50608,50728,50728,62959,68186,19704,19704,5080,SBTET
MAHM,GOVERNMENT POLYTECHNIC,MAHESHWARAM,RR,COED,GOV,1980,EE,DIPLOMA IN ELECTRICAL & ELECTRONICS ENGINEERING,9569,10557,53033,53033,56495,56495,35240,35240,34911,34911,40913,40913,64961,64961,67754,67754,9569,10557,5080,SBTET
MAHM,GOVERNMENT POLYTECHNIC,MAHESHWARAM,RR,COED,GOV,2023,ME,DIPLOMA IN MECHANICAL ENGINEERING,44732,44732,48673,48673,65765,65765,44732,44732,66291,66291,44732,44732,61693,61693,64650,64650,44732,44732,5080,SBTET
MASB,GOVT POLYTECHNIC,MASAB TANK,HYD,COED,GOV,2023,AU,DIPLOMA IN AUTOMOBILE ENGINEERING,6201,8189,19945,57958,12383,19804,6201,8189,11068,13038,27378,48174,39469,48425,19591,54344,26168,26997,5080,SBTET
MASB,GOVT POLYTECHNIC,MASAB TANK,HYD,COED,GOV,2023,CE,DIPLOMA IN CIVIL ENGINEERING,6188,9238,16386,16386,8145,9238,16068,16068,10258,10258,7155,19891,24548,24548,26960,26960,48390,48390,5080,SBTET
MASB,GOVT POLYTECHNIC,MASAB TANK,HYD,COED,GOV,1954,CS,DIPLOMA IN COMPUTER SCIENCE AND ENGINEERING,772,1654,2074,2074,1081,1654,1831,1831,1584,1654,1305,1767,3029,3069,9174,9540,1026,2795,5080,SBTET
MASB,GOVT POLYTECHNIC,MASAB TANK,HYD,COED,GOV,1954,EC,DIPLOMA IN ELECTRONICS & COMMUNICATION ENGINEERING,1761,1806,3659,3659,1761,3458,5937,23619,1761,2178,4843,4843,7328,9628,13120,13120,3025,3025,5080,SBTET
MASB,GOVT POLYTECHNIC,MASAB TANK,HYD,COED,GOV,1954,EE,DIPLOMA IN ELECTRICAL & ELECTRONICS ENGINEERING,1928,1928,3816,4538,2189,13885,1928,1928,2064,2718,2021,2021,16514,16514,4810,13926,2431,6420,5080,SBTET
MASB,GOVT POLYTECHNIC,MASAB TANK,HYD,COED,GOV,1954,ME,DIPLOMA IN MECHANICAL ENGINEERING,4810,7309,6759,10056,7573,24727,45779,45779,5294,21217,15728,18414,7773,19704,26448,37601,11723,19265,5080,SBTET
MBNR,GOVT POLYTECHNIC ,MAHABUB NAGAR,MBN,COED,GOV,1954,AU,DIPLOMA IN AUTOMOBILE ENGINEERING,32011,35563,50681,50681,53840,57305,58291,58291,46233,60089,59884,59884,65951,68744,68411,68411,32011,35563,5080,SBTET
MBNR,GOVT POLYTECHNIC ,MAHABUB NAGAR,MBN,COED,GOV,1954,CE,DIPLOMA IN CIVIL ENGINEERING,22186,22186,49319,58021,54315,54315,22186,29949,36133,59609,55469,55469,69209,69209,65572,65572,22186,22186,5080,SBTET
MBNR,GOVT POLYTECHNIC ,MAHABUB NAGAR,MBN,COED,GOV,1956,EC,DIPLOMA IN ELECTRONICS & COMMUNICATION ENGINEERING,4416,4802,8905,14088,8462,8462,49379,49379,7282,7282,12318,32168,29810,31334,30788,58092,23796,32362,5080,SBTET
MBNR,GOVT POLYTECHNIC ,MAHABUB NAGAR,MBN,COED,GOV,1956,EE,DIPLOMA IN ELECTRICAL & ELECTRONICS ENGINEERING,11817,13596,24507,36212,21198,36343,19526,19526,19376,19376,41149,41149,48718,48718,47687,67311,33626,52111,5080,SBTET
MBNR,GOVT POLYTECHNIC ,MAHABUB NAGAR,MBN,COED,GOV,1956,ME,DIPLOMA IN MECHANICAL ENGINEERING,33130,33130,58811,61370,59094,60742,54947,61782,57180,61245,57450,57450,69215,69215,68931,68931,33130,33130,5080,SBTET
MDCL,GOVERNMENT POLYTECHNIC,MEDCHAL,MDL,COED,GOV,1956,EC,DIPLOMA IN ELECTRONICS & COMMUNICATION ENGINEERING,4751,5694,15065,15065,5743,40123,4751,5694,8314,8314,13137,13137,16243,31869,32100,63671,9972,42727,5080,SBTET
MDCL,GOVERNMENT POLYTECHNIC,MEDCHAL,MDL,COED,GOV,1956,EE,DIPLOMA IN ELECTRICAL & ELECTRONICS ENGINEERING,7458,9729,19645,28058,18396,44984,7458,9729,19292,19292,34562,34562,28982,54947,21917,30922,20672,36319,5080,SBTET
MDCL,GOVERNMENT POLYTECHNIC,MEDCHAL,MDL,COED,GOV,2013,ME,DIPLOMA IN MECHANICAL ENGINEERING,11434,11434,36250,48096,26326,33388,28077,28077,26671,36282,38456,38456,38383,68250,58291,67110,11434,41149,5080,SBTET
MDKW,GOVT POLYTECHNIC FOR WOMEN,MEDAK,MED,GIRLS,GOV,2013,CE,DIPLOMA IN CIVIL ENGINEERING,NA,22245,NA,58811,NA,48371,NA,57329,NA,56698,NA,49891,NA,62869,NA,45993,NA,22245,5080,SBTET
MDKW,GOVT POLYTECHNIC FOR WOMEN,MEDAK,MED,GIRLS,GOV,2013,CS,DIPLOMA IN COMPUTER SCIENCE AND ENGINEERING,NA,5127,NA,10879,NA,14345,NA,5127,NA,6848,NA,22232,NA,20542,NA,31668,NA,26381,5080,SBTET
MDKW,GOVT POLYTECHNIC FOR WOMEN,MEDAK,MED,GIRLS,GOV,1988,EC,DIPLOMA IN ELECTRONICS & COMMUNICATION ENGINEERING,NA,15041,NA,17866,NA,25837,NA,15041,NA,15041,NA,47494,NA,50901,NA,40204,NA,28944,5080,SBTET
MDRA,GOVT.POLYTECHNIC,MADHIRA,KHM,COED,GOV,1988,CE,DIPLOMA IN CIVIL ENGINEERING,31227,31227,57658,57658,62303,62303,58872,58872,47362,47362,41248,41248,58200,58200,62303,62303,31227,31227,5080,SBTET
MDRA,GOVT.POLYTECHNIC,MADHIRA,KHM,COED,GOV,1988,ME,DIPLOMA IN MECHANICAL ENGINEERING,27451,45460,47210,47210,46617,52988,27451,45460,59932,59932,27451,45460,65912,65912,67029,67029,27451,45460,5080,SBTET
MDRK,MADHIRA INSTITUTE OF TECHNOLOGY AND SCI.,KODAD,SRP,COED,PVT,2008,CS,DIPLOMA IN COMPUTER SCIENCE AND ENGINEERING,21951,21951,51182,51182,55120,55120,21951,21951,60422,60422,34227,34227,64112,64112,66733,66733,60952,60952,15780,SBTET
MDRK,MADHIRA INSTITUTE OF TECHNOLOGY AND SCI.,KODAD,SRP,COED,PVT,2008,EC,DIPLOMA IN ELECTRONICS & COMMUNICATION ENGINEERING,27852,27852,27852,27852,27852,27852,27852,27852,27852,27852,27852,27852,27852,27852,64140,64140,27852,27852,15780,SBTET
MDRK,MADHIRA INSTITUTE OF TECHNOLOGY AND SCI.,KODAD,SRP,COED,PVT,2001,EE,DIPLOMA IN ELECTRICAL & ELECTRONICS ENGINEERING,57002,57002,57002,57002,69266,69266,57002,57002,57002,57002,59325,59325,68782,68782,68444,68444,57002,57002,15780,SBTET
MGHA,MEGHA INST OF ENGG AND TECHNOLOGY FOR WOMEN,GHATKESAR,MDL,GIRLS,PVT,2001,CE,DIPLOMA IN CIVIL ENGINEERING,NA,22725,NA,62902,NA,58738,NA,22725,NA,37398,NA,22725,NA,68628,NA,22725,NA,22725,15780,SBTET
MGHA,MEGHA INST OF ENGG AND TECHNOLOGY FOR WOMEN,GHATKESAR,MDL,GIRLS,PVT,2001,CS,DIPLOMA IN COMPUTER SCIENCE AND ENGINEERING,NA,41193,NA,55982,NA,41193,NA,41193,NA,42233,NA,56930,NA,56389,NA,64603,NA,58540,15780,SBTET
MGHA,MEGHA INST OF ENGG AND TECHNOLOGY FOR WOMEN,GHATKESAR,MDL,GIRLS,PVT,2008,EC,DIPLOMA IN ELECTRONICS & COMMUNICATION ENGINEERING,NA,35023,NA,62815,NA,56539,NA,42497,NA,61370,NA,54056,NA,69609,NA,66563,NA,35023,15780,SBTET
MHVR,MAHAVEER INSTITUTE OF SCI. AND TECHNOLOGY,BANDLAGUDA,HYD,COED,PVT,2008,CE,DIPLOMA IN CIVIL ENGINEERING,32904,32904,37209,60789,40952,57450,56968,56968,57212,61580,61245,61245,63952,63952,67180,67275,32904,32904,15780,SBTET
MHVR,MAHAVEER INSTITUTE OF SCI. AND TECHNOLOGY,BANDLAGUDA,HYD,COED,PVT,2008,CS,DIPLOMA IN COMPUTER SCIENCE AND ENGINEERING,10633,12803,12757,21484,12011,12803,10633,12803,10633,12803,10633,12803,18421,23123,33549,68719,53187,53187,15780,SBTET
MHVR,MAHAVEER INSTITUTE OF SCI. AND TECHNOLOGY,BANDLAGUDA,HYD,COED,PVT,2001,EC,DIPLOMA IN ELECTRONICS & COMMUNICATION ENGINEERING,17052,17930,52988,52988,35563,39203,17052,18274,48600,48600,25068,60952,46233,46233,64169,68793,51610,59874,15780,SBTET
MHVR,MAHAVEER INSTITUTE OF SCI. AND TECHNOLOGY,BANDLAGUDA,HYD,COED,PVT,2001,EE,DIPLOMA IN ELECTRICAL & ELECTRONICS ENGINEERING,38970,38970,62518,62945,45795,52009,49510,49510,48912,51242,58200,58200,67231,69088,67699,67699,38970,38970,15780,SBTET
MHVR,MAHAVEER INSTITUTE OF SCI. AND TECHNOLOGY,BANDLAGUDA,HYD,COED,PVT,2001,ME,DIPLOMA IN MECHANICAL ENGINEERING,31912,36155,60673,60673,62570,62570,31912,36155,50307,50307,61464,61464,69016,69016,68070,68070,34227,36155,15780,SBTET
MINA,MINA INST OF ENGG AND TECHNOLOGY FOR WOMEN,MIRYALAGUDA,NLG,GIRLS,PVT,2001,EC,DIPLOMA IN ELECTRONICS & COMMUNICATION ENGINEERING,NA,31576,NA,59859,NA,61974,NA,31576,NA,51227,NA,55532,NA,64169,NA,63850,NA,31576,15780,SBTET
MINA,MINA INST OF ENGG AND TECHNOLOGY FOR WOMEN,MIRYALAGUDA,NLG,GIRLS,PVT,2001,EE,DIPLOMA IN ELECTRICAL & ELECTRONICS ENGINEERING,NA,68800,NA,69468,NA,68844,NA,67984,NA,69706,NA,68709,NA,69704,NA,69715,NA,62570,15780,SBTET
MNGR,GOVT MODEL RESIDENTIAL POLYTECHNIC,MANUGURU   ASWAPURAM,KGM,BOYS,GOV,2014,EE,DIPLOMA IN ELECTRICAL & ELECTRONICS ENGINEERING,20656,20656,51297,51297,50114,50114,20656,20656,20656,20656,20656,20656,67430,67430,69483,69483,20656,20656,5080,SBTET
MNGR,GOVT MODEL RESIDENTIAL POLYTECHNIC,MANUGURU   ASWAPURAM,KGM,BOYS,GOV,2014,ME,DIPLOMA IN MECHANICAL ENGINEERING,15616,15616,15616,15616,57618,57618,15616,15616,45919,45919,48988,48988,69696,69696,40123,40123,15616,15616,5080,SBTET
MNGR,GOVT MODEL RESIDENTIAL POLYTECHNIC,MANUGURU   ASWAPURAM,KGM,BOYS,GOV,2023,MN,DIPLOMA IN MINING ENGINEERING,23609,23609,44544,44544,23609,23609,23609,23609,34357,34357,23609,23609,69380,69380,69016,69016,23609,23609,5080,SBTET
MOTK,MOTHER TERESA INSTITUTE OF SCI. AND TECHNOLOGY,SATHUPALLY,KHM,COED,PVT,2023,CS,DIPLOMA IN COMPUTER SCIENCE AND ENGINEERING,54087,54087,54087,61245,54087,56181,54087,54087,54087,54087,54087,54087,58092,58092,54087,54087,54087,54087,15780,SBTET
MOTK,MOTHER TERESA INSTITUTE OF SCI. AND TECHNOLOGY,SATHUPALLY,KHM,COED,PVT,2023,EC,DIPLOMA IN ELECTRONICS & COMMUNICATION ENGINEERING,11174,26916,44627,44627,57733,57733,11174,26916,61637,61637,11174,31500,48034,51855,56539,56539,11174,26916,15780,SBTET
MOTK,MOTHER TERESA INSTITUTE OF SCI. AND TECHNOLOGY,SATHUPALLY,KHM,COED,PVT,2001,EE,DIPLOMA IN ELECTRICAL & ELECTRONICS ENGINEERING,58381,58381,58381,58381,58381,58381,58381,58381,58381,58381,58381,58381,58381,58381,58381,58381,58381,58381,15780,SBTET
MOTK,MOTHER TERESA INSTITUTE OF SCI. AND TECHNOLOGY,SATHUPALLY,KHM,COED,PVT,2001,MN,DIPLOMA IN MINING ENGINEERING,36644,36644,36644,36644,36644,36644,36644,36644,36644,36644,36644,36644,36644,36644,36644,36644,36644,36644,15780,SBTET
MTEC,MOTHER THERESA COLLEGE OF ENGG. AND TECHNOLOGY,PEDDAPALLY,PDL,COED,PVT,2001,CS,DIPLOMA IN COMPUTER SCIENCE AND ENGINEERING,36511,36511,58960,61607,62918,62918,36511,36511,61782,61782,36511,54947,69568,69568,53187,67526,36511,36511,15780,SBTET
MTEC,MOTHER THERESA COLLEGE OF ENGG. AND TECHNOLOGY,PEDDAPALLY,PDL,COED,PVT,2001,EC,DIPLOMA IN ELECTRONICS & COMMUNICATION ENGINEERING,64993,64993,64993,64993,64993,64993,64993,64993,67404,67404,64993,64993,64993,64993,64993,64993,64993,64993,15780,SBTET
MTEC,MOTHER THERESA COLLEGE OF ENGG. AND TECHNOLOGY,PEDDAPALLY,PDL,COED,PVT,2001,EE,DIPLOMA IN ELECTRICAL & ELECTRONICS ENGINEERING,47884,47884,47884,47884,56655,65117,47884,47884,47884,47884,57658,57658,69437,69437,56444,56444,47884,48096,15780,SBTET
NALG,GOVT POLYTECHNIC ,NALGONDA,NLG,COED,GOV,2001,CE,DIPLOMA IN CIVIL ENGINEERING,17376,26071,55817,56389,57564,62570,63224,63224,48600,48600,61782,61782,45755,68215,67476,67476,51855,51855,5080,SBTET
NALG,GOVT POLYTECHNIC ,NALGONDA,NLG,COED,GOV,2001,CS,DIPLOMA IN COMPUTER SCIENCE AND ENGINEERING,3232,5440,8536,8536,5343,9164,3232,5440,6454,35199,3232,10923,12508,28123,47592,68861,8028,16424,5080,SBTET
NALG,GOVT POLYTECHNIC ,NALGONDA,NLG,COED,GOV,2014,EE,DIPLOMA IN ELECTRICAL & ELECTRONICS ENGINEERING,13755,15119,27768,27768,33755,45597,18461,18461,26828,26828,43648,46172,31186,68185,67607,69453,38383,38383,5080,SBTET
NALG,GOVT POLYTECHNIC ,NALGONDA,NLG,COED,GOV,2014,ME,DIPLOMA IN MECHANICAL ENGINEERING,39161,39161,50368,57733,57392,60422,46749,46749,59508,63628,62100,62100,64237,65999,69692,69692,39161,39161,5080,SBTET
NAWB,NAWAB SHAH ALAM KHAN COLL OF ENGG AND TECH,NEW MALAKPET,HYD,COED,PVT,2014,AI,DIPLOMA IN ARTIFICIAL INTELLIGENCE AND MACHINE LEARNING,8919,18768,34267,34267,14602,34244,8919,18768,35095,35095,19265,19265,32283,40612,63568,63568,8919,18768,15780,SBTET
NAWB,NAWAB SHAH ALAM KHAN COLL OF ENGG AND TECH,NEW MALAKPET,HYD,COED,PVT,1980,CE,DIPLOMA IN CIVIL ENGINEERING,25151,25151,27614,27614,25151,25151,25151,25151,25151,25151,25151,25151,25151,65775,52268,52268,25151,25151,15780,SBTET
NAWB,NAWAB SHAH ALAM KHAN COLL OF ENGG AND TECH,NEW MALAKPET,HYD,COED,PVT,1980,CS,DIPLOMA IN COMPUTER SCIENCE AND ENGINEERING,8449,8449,24946,24946,24323,24323,22034,22034,29190,29190,8919,8919,25297,25297,9741,37652,8449,8449,15780,SBTET
NAWB,NAWAB SHAH ALAM KHAN COLL OF ENGG AND TECH,NEW MALAKPET,HYD,COED,PVT,1980,ME,DIPLOMA IN MECHANICAL ENGINEERING,8175,8175,26860,26860,30922,56181,8175,8175,34176,34176,22851,22851,63997,63997,20022,53584,8175,8175,15780,SBTET
NDPT,GOVT.POLYTECHNIC,NANDIPET,NZB,COED,GOV,1980,EC,DIPLOMA IN ELECTRONICS & COMMUNICATION ENGINEERING,9671,9671,59019,59019,17731,48255,29273,29273,25025,60354,41911,41911,58021,58021,48096,54046,9671,48718,5080,SBTET
NDPT,GOVT.POLYTECHNIC,NANDIPET,NZB,COED,GOV,2008,ME,DIPLOMA IN MECHANICAL ENGINEERING,30412,30412,58638,58638,62570,62570,30412,30412,52931,52931,49042,49042,69399,69399,69167,69167,30412,30412,5080,SBTET
NGMA,NIGAMA ENGINEERING COLLEGE,MOQUDUMPOOR  ,KRM,COED,PVT,2008,EC,DIPLOMA IN ELECTRONICS & COMMUNICATION ENGINEERING,37952,37952,62100,62100,62054,62054,37952,37952,37952,37952,37952,37952,68113,68113,55740,62996,37952,37952,15780,SBTET
NKHD,GOVERNMENT POLYTECHNIC,NARAYANKHED,SRD,COED,GOV,2008,EC,DIPLOMA IN ELECTRONICS & COMMUNICATION ENGINEERING,28306,28306,60952,60952,28306,68844,28306,28306,48577,62414,28306,45481,52751,52751,60463,64627,28306,28306,5080,SBTET
NKHD,GOVERNMENT POLYTECHNIC,NARAYANKHED,SRD,COED,GOV,2008,EE,DIPLOMA IN ELECTRICAL & ELECTRONICS ENGINEERING,19446,19446,60538,60538,60120,61637,19446,19446,45387,46034,60867,60867,54780,68328,67368,67368,19446,19446,5080,SBTET
NRML,GOVT.POLYTECHNIC,NIRMAL,NRM,COED,GOV,2008,EE,DIPLOMA IN ELECTRICAL & ELECTRONICS ENGINEERING,26266,26266,58738,58738,61544,61544,26266,30227,61245,61245,47445,59743,66281,66281,67417,68836,26266,40245,5080,SBTET
NRML,GOVT.POLYTECHNIC,NIRMAL,NRM,COED,GOV,2008,ME,DIPLOMA IN MECHANICAL ENGINEERING,23481,23481,59903,59903,61883,61883,23481,23481,43592,43592,48577,48577,67041,67041,69161,69161,23481,23481,5080,SBTET
NSGR,GOVT POLYTECHNIC,NAGARJUNASAGAR,NLG,COED,GOV,2014,CE,DIPLOMA IN CIVIL ENGINEERING,33053,33053,66472,66472,67998,67998,33053,33053,68286,68286,33053,33053,63685,63685,68596,68596,33053,33053,5080,SBTET
NSGR,GOVT POLYTECHNIC,NAGARJUNASAGAR,NLG,COED,GOV,2014,EE,DIPLOMA IN ELECTRICAL & ELECTRONICS ENGINEERING,15957,15957,32554,32554,50541,60867,15957,49238,60742,60742,38906,41911,63760,67666,69350,69350,15957,15957,5080,SBTET
NSPR,GOVT.POLYTECHNIC,GOMARAM  Near NARSAPUR,MED,COED,GOV,2009,CE,DIPLOMA IN CIVIL ENGINEERING,40489,40489,49667,62612,49891,58472,40489,40489,40489,40489,40489,40489,66705,66705,67057,68086,40489,40489,5080,SBTET
NSPR,GOVT.POLYTECHNIC,GOMARAM  Near NARSAPUR,MED,COED,GOV,2009,ME,DIPLOMA IN MECHANICAL ENGINEERING,6873,41623,6873,41623,6873,41623,6873,41623,16164,41623,6873,41623,6873,41623,65768,65768,6873,41623,5080,SBTET
NVPT,GOVERNMENT POLYTECHNIC,NAVIPET,NZB,COED,GOV,2008,CE,DIPLOMA IN CIVIL ENGINEERING,27906,27906,43083,53913,52590,52590,27906,48673,53104,53104,49319,49319,63002,67110,67754,67754,27906,27906,5080,SBTET
NVPT,GOVERNMENT POLYTECHNIC,NAVIPET,NZB,COED,GOV,2008,ME,DIPLOMA IN MECHANICAL ENGINEERING,32498,32498,55914,55914,62518,62518,32498,32498,48484,48484,60952,60952,68130,68130,32498,32498,32498,32498,5080,SBTET
NZBD,GOVT POLYTECHNIC ,NIZAMABAD,NZB,COED,GOV,2016,CE,DIPLOMA IN CIVIL ENGINEERING,12341,12341,31576,31576,16367,20510,12341,12341,17235,17235,29834,29834,36843,36843,67650,67650,37323,49163,5080,SBTET
NZBD,GOVT POLYTECHNIC ,NIZAMABAD,NZB,COED,GOV,2016,CS,DIPLOMA IN COMPUTER SCIENCE AND ENGINEERING,1583,1583,8267,8267,2316,2316,1583,25480,3476,3476,2382,7581,9864,16009,15006,15006,7123,7123,5080,SBTET
NZBD,GOVT POLYTECHNIC ,NIZAMABAD,NZB,COED,GOV,2008,EC,DIPLOMA IN ELECTRONICS & COMMUNICATION ENGINEERING,4480,4891,12542,12542,7855,11381,29949,29949,9998,9998,13214,16386,23547,51201,29366,59584,17820,21536,5080,SBTET
NZBD,GOVT POLYTECHNIC ,NIZAMABAD,NZB,COED,GOV,2008,EE,DIPLOMA IN ELECTRICAL & ELECTRONICS ENGINEERING,9238,9238,27498,29221,16393,17426,44095,44095,11939,14544,14846,60867,38107,38107,35348,39580,61245,61245,5080,SBTET
NZBD,GOVT POLYTECHNIC ,NIZAMABAD,NZB,COED,GOV,2014,ES,DIPLOMA IN EMBEDDED SYSTEMS ENGINEERING,13481,13481,36693,44488,28587,28587,13481,20879,18849,18849,19115,22653,49082,49082,64351,65797,37109,37109,5080,SBTET
NZBD,GOVT POLYTECHNIC ,NIZAMABAD,NZB,COED,GOV,2014,ME,DIPLOMA IN MECHANICAL ENGINEERING,20099,31750,48748,48748,34911,56698,20099,34937,32043,36843,51384,51384,47687,68377,69039,69173,51417,51417,5080,SBTET
PBRW,GOVERNMENT POLYTECHNIC FOR WOMEN,PEBBAIR,WNP,GIRLS,GOV,1959,EC,DIPLOMA IN ELECTRONICS & COMMUNICATION ENGINEERING,NA,16109,NA,61139,NA,61607,NA,17108,NA,32216,NA,34749,NA,50681,NA,59839,NA,55740,5080,SBTET
PBRW,GOVERNMENT POLYTECHNIC FOR WOMEN,PEBBAIR,WNP,GIRLS,GOV,1959,EE,DIPLOMA IN ELECTRICAL & ELECTRONICS ENGINEERING,NA,23539,NA,57158,NA,54650,NA,23539,NA,48600,NA,42094,NA,66973,NA,63824,NA,23539,5080,SBTET
PETW,PRINCETON INST OF ENGG TECH FOR WOMEN,GHATKESAR,MDL,GIRLS,PVT,1959,AI,DIPLOMA IN ARTIFICIAL INTELLIGENCE AND MACHINE LEARNING,NA,7915,NA,28269,NA,57450,NA,7915,NA,22034,NA,37689,NA,55659,NA,35996,NA,45301,15780,SBTET
PETW,PRINCETON INST OF ENGG TECH FOR WOMEN,GHATKESAR,MDL,GIRLS,PVT,1959,CE,DIPLOMA IN CIVIL ENGINEERING,NA,38445,NA,38445,NA,38445,NA,38445,NA,38445,NA,38445,NA,38445,NA,38445,NA,38445,15780,SBTET
PETW,PRINCETON INST OF ENGG TECH FOR WOMEN,GHATKESAR,MDL,GIRLS,PVT,1959,CS,DIPLOMA IN COMPUTER SCIENCE AND ENGINEERING,NA,17060,NA,50804,NA,39025,NA,38107,NA,36812,NA,43202,NA,66850,NA,67604,NA,17060,15780,SBTET
PETW,PRINCETON INST OF ENGG TECH FOR WOMEN,GHATKESAR,MDL,GIRLS,PVT,1959,EC,DIPLOMA IN ELECTRONICS & COMMUNICATION ENGINEERING,NA,38073,NA,57450,NA,62166,NA,38073,NA,56118,NA,53033,NA,50804,NA,42592,NA,38073,15780,SBTET
PRKL,GOVERNMENT POLYTECHNIC,PARKAL,HNK,COED,GOV,2014,EC,DIPLOMA IN ELECTRONICS & COMMUNICATION ENGINEERING,6698,6698,10892,28992,14143,14143,10503,10503,11204,11204,11374,20574,22917,35832,44860,53584,34476,55617,5080,SBTET
PRKL,GOVERNMENT POLYTECHNIC,PARKAL,HNK,COED,GOV,2014,ME,DIPLOMA IN MECHANICAL ENGINEERING,23898,56118,42233,56118,61580,62869,44732,56118,52374,56118,55817,56118,69266,69266,66217,67400,23898,56118,5080,SBTET
QQHD,QQ GOVT POLYTECHNIC ,CHENDULALBARADARI,HYD,COED,GOV,2014,CE,DIPLOMA IN CIVIL ENGINEERING,61974,61974,61974,61974,61974,61974,61974,61974,61974,61974,61974,61974,68876,68876,68983,68983,61974,61974,5080,SBTET
QQHD,QQ GOVT POLYTECHNIC ,CHENDULALBARADARI,HYD,COED,GOV,2014,CS,DIPLOMA IN COMPUTER SCIENCE AND ENGINEERING,10557,15448,55383,55383,38232,38232,10557,39025,24114,28436,11783,22256,44231,61693,34036,34036,35854,35854,5080,SBTET
QQHD,QQ GOVT POLYTECHNIC ,CHENDULALBARADARI,HYD,COED,GOV,2014,EC,DIPLOMA IN ELECTRONICS & COMMUNICATION ENGINEERING,44544,62518,44544,62518,61580,62518,44544,62518,44544,62518,44544,62518,44544,62518,59325,62518,46873,62518,5080,SBTET
QQHD,QQ GOVT POLYTECHNIC ,CHENDULALBARADARI,HYD,COED,GOV,2014,EE,DIPLOMA IN ELECTRICAL & ELECTRONICS ENGINEERING,54650,68377,54650,68377,54650,68377,54650,68377,54650,68377,54650,68377,54650,68377,54650,68377,54650,68377,5080,SBTET
QQHD,QQ GOVT POLYTECHNIC ,CHENDULALBARADARI,HYD,COED,GOV,2009,ME,DIPLOMA IN MECHANICAL ENGINEERING,61177,61177,61177,61177,62166,62166,61177,61177,61177,61177,61177,61177,64582,69458,69306,69306,61177,61177,5080,SBTET
QQHD,QQ GOVT POLYTECHNIC ,CHENDULALBARADARI,HYD,COED,GOV,2009,PT,DIPLOMA IN PRINTING TECHNOLOGY,68800,68800,68800,68800,68800,68800,68800,68800,68800,68800,68800,68800,68800,68800,68800,68800,68800,68800,5080,SBTET
RITM,RATNAPURI INSTITUTE OF TECH. COLL. OF POLYTECHNIC,TURAKALA KHANAPUR,SRD,COED,PVT,1985,CS,DIPLOMA IN COMPUTER SCIENCE AND ENGINEERING,21781,21781,46546,51417,35960,35960,21781,26496,30256,53865,40572,40572,64318,66489,69651,69651,21781,21781,15780,SBTET
RITM,RATNAPURI INSTITUTE OF TECH. COLL. OF POLYTECHNIC,TURAKALA KHANAPUR,SRD,COED,PVT,1985,EC,DIPLOMA IN ELECTRONICS & COMMUNICATION ENGINEERING,20255,35199,58200,58200,59386,59386,20255,35199,53784,55817,47494,57029,66933,66983,68174,68174,20255,35199,15780,SBTET
RITM,RATNAPURI INSTITUTE OF TECH. COLL. OF POLYTECHNIC,TURAKALA KHANAPUR,SRD,COED,PVT,1985,EE,DIPLOMA IN ELECTRICAL & ELECTRONICS ENGINEERING,45286,45286,55228,55228,45286,56823,53662,53662,60255,63628,45286,45286,66151,66151,45286,45286,45286,45286,15780,SBTET
RITM,RATNAPURI INSTITUTE OF TECH. COLL. OF POLYTECHNIC,TURAKALA KHANAPUR,SRD,COED,PVT,1985,ME,DIPLOMA IN MECHANICAL ENGINEERING,48319,48319,48319,48319,54344,57321,48319,48319,48319,48319,48319,48319,65912,65912,60045,60045,48319,48319,15780,SBTET
SAIS,SAI SPURTI INSTITUTE OF TECHNOLOGY,SATHUPALLY,KHM,COED,PVT,1985,CS,DIPLOMA IN COMPUTER SCIENCE AND ENGINEERING,45573,45573,49109,49109,62100,62100,45573,45573,61974,61974,45573,60211,56181,58446,64694,64694,45573,45573,15780,SBTET
SAIS,SAI SPURTI INSTITUTE OF TECHNOLOGY,SATHUPALLY,KHM,COED,PVT,1985,EC,DIPLOMA IN ELECTRONICS & COMMUNICATION ENGINEERING,39203,39203,39203,39203,39203,39203,39203,39203,39203,39203,39203,39203,65888,65888,43592,43592,39203,39203,15780,SBTET
SAIS,SAI SPURTI INSTITUTE OF TECHNOLOGY,SATHUPALLY,KHM,COED,PVT,2009,EE,DIPLOMA IN ELECTRICAL & ELECTRONICS ENGINEERING,61245,61245,61245,61245,61245,61245,61245,61245,61245,61245,61245,61245,62398,62398,61245,64381,61245,61245,15780,SBTET
SBIT,SWARNA BHARATHI INSTITUTE OF SCI. AND TECHNOLOGY,KHAMMAM,KHM,COED,PVT,2009,CS,DIPLOMA IN COMPUTER SCIENCE AND ENGINEERING,21856,21856,27268,27268,52946,52946,21856,34706,28931,28931,26120,41077,58894,58894,49510,66379,57251,57251,15780,SBTET
SBIT,SWARNA BHARATHI INSTITUTE OF SCI. AND TECHNOLOGY,KHAMMAM,KHM,COED,PVT,2009,EC,DIPLOMA IN ELECTRONICS & COMMUNICATION ENGINEERING,24721,24721,42094,42094,54854,54854,24721,24721,25540,36961,36961,36961,65337,65337,25197,65818,31136,31136,15780,SBTET
SBIT,SWARNA BHARATHI INSTITUTE OF SCI. AND TECHNOLOGY,KHAMMAM,KHM,COED,PVT,2009,EE,DIPLOMA IN ELECTRICAL & ELECTRONICS ENGINEERING,29915,33418,39292,55914,60463,60463,29915,33418,45030,58811,38403,38403,59459,69132,66661,66661,29915,33418,15780,SBTET
SCCL,SINGARENI COLLIERIES POLYTECHNIC COLLEGE,NASPUR,MNC,COED,PVT,2001,CE,DIPLOMA IN CIVIL ENGINEERING,19127,31250,32771,32771,42304,42304,19127,31250,41122,41122,19127,34014,40896,44488,43268,63314,19127,31250,15780,SBTET
SCCL,SINGARENI COLLIERIES POLYTECHNIC COLLEGE,NASPUR,MNC,COED,PVT,2001,CS,DIPLOMA IN COMPUTER SCIENCE AND ENGINEERING,3823,7315,5971,7315,4635,12508,3823,7315,8206,8206,11273,11273,8282,9915,49842,49842,26623,26623,15780,SBTET
SCCL,SINGARENI COLLIERIES POLYTECHNIC COLLEGE,NASPUR,MNC,COED,PVT,2001,EE,DIPLOMA IN ELECTRICAL & ELECTRONICS ENGINEERING,6986,6986,22137,22137,12606,32904,6986,15562,15798,15798,6986,6986,13137,28502,56181,65669,6986,34706,15780,SBTET
SCCL,SINGARENI COLLIERIES POLYTECHNIC COLLEGE,NASPUR,MNC,COED,PVT,2003,ME,DIPLOMA IN MECHANICAL ENGINEERING,24164,24164,51553,62570,47920,47920,24164,24164,32498,33465,55040,55040,45826,54087,52268,56856,24164,24164,15780,SBTET
SCCL,SINGARENI COLLIERIES POLYTECHNIC COLLEGE,NASPUR,MNC,COED,PVT,2003,MN,DIPLOMA IN MINING ENGINEERING,21299,31500,41684,53287,38353,59765,21299,31500,30053,31576,33589,33589,48356,59325,63738,63738,21299,31500,15780,SBTET
SCIT,SRI CHAITANYA INSTITUTE OF TECHNOLOGY AND RESEARCH,KHAMMAM,KHM,COED,PVT,2003,CE,DIPLOMA IN CIVIL ENGINEERING,31017,31017,31017,58960,60309,60309,31017,31017,31017,31017,31017,31017,66045,66045,67924,67924,31017,31017,15780,SBTET
SCIT,SRI CHAITANYA INSTITUTE OF TECHNOLOGY AND RESEARCH,KHAMMAM,KHM,COED,PVT,2008,CS,DIPLOMA IN COMPUTER SCIENCE AND ENGINEERING,38720,38720,51497,61637,54084,57658,38720,38720,61782,61782,58472,58472,68419,68419,67992,67992,38720,38720,15780,SBTET
SCIT,SRI CHAITANYA INSTITUTE OF TECHNOLOGY AND RESEARCH,KHAMMAM,KHM,COED,PVT,2008,EC,DIPLOMA IN ELECTRONICS & COMMUNICATION ENGINEERING,34806,34806,51855,51855,43971,53244,34806,34806,40928,40928,56181,56181,67227,67227,55202,65818,34806,34806,15780,SBTET
SCIT,SRI CHAITANYA INSTITUTE OF TECHNOLOGY AND RESEARCH,KHAMMAM,KHM,COED,PVT,2008,EE,DIPLOMA IN ELECTRICAL & ELECTRONICS ENGINEERING,31334,33087,51812,51812,45084,45084,31334,33087,45993,58638,39885,39885,69088,69088,68822,68822,50307,50307,15780,SBTET
SCIT,SRI CHAITANYA INSTITUTE OF TECHNOLOGY AND RESEARCH,KHAMMAM,KHM,COED,PVT,2008,ME,DIPLOMA IN MECHANICAL ENGINEERING,44148,44148,66415,66415,67957,67957,44148,44148,44148,44148,46841,46841,66072,66072,65538,65538,44148,44148,15780,SBTET
SDES,SREE DATTHA INSTITUTE OF ENGINEERING AND SCIENCE,IBRAHIMPATAN,RR,COED,PVT,2008,CE,DIPLOMA IN CIVIL ENGINEERING,27607,27607,27607,27607,27607,27607,27607,54344,51362,51362,27607,27607,64200,64200,29885,29885,27607,27607,15780,SBTET
SDES,SREE DATTHA INSTITUTE OF ENGINEERING AND SCIENCE,IBRAHIMPATAN,RR,COED,PVT,2008,CS,DIPLOMA IN COMPUTER SCIENCE AND ENGINEERING,17476,20614,49109,51812,31483,34123,24394,24394,54344,54344,33174,55469,66353,67110,68676,68676,46691,46691,15780,SBTET
SDES,SREE DATTHA INSTITUTE OF ENGINEERING AND SCIENCE,IBRAHIMPATAN,RR,COED,PVT,2008,EC,DIPLOMA IN ELECTRONICS & COMMUNICATION ENGINEERING,31079,34657,57618,57618,60463,60463,31079,34657,51940,51940,56444,56444,68585,68585,65841,66305,31079,34855,15780,SBTET
SDES,SREE DATTHA INSTITUTE OF ENGINEERING AND SCIENCE,IBRAHIMPATAN,RR,COED,PVT,2008,EE,DIPLOMA IN ELECTRICAL & ELECTRONICS ENGINEERING,40123,55659,40123,55659,60354,60354,40123,55659,50215,55659,40123,55659,40123,55659,40123,55659,46479,55659,15780,SBTET
SDES,SREE DATTHA INSTITUTE OF ENGINEERING AND SCIENCE,IBRAHIMPATAN,RR,COED,PVT,2008,ME,DIPLOMA IN MECHANICAL ENGINEERING,39469,39469,39469,39469,39469,39469,39469,39469,39469,61607,39469,39469,65440,65440,39469,39469,39469,39469,15780,SBTET
SDPT,GOVT.POLYTECHNIC,SIDDIPET,SDP,COED,GOV,2008,CS,DIPLOMA IN COMPUTER SCIENCE AND ENGINEERING,2865,2865,16838,16838,4828,5170,2865,2865,6690,6690,11245,12954,12426,12426,21083,59897,20553,45095,5080,SBTET
SDPT,GOVT.POLYTECHNIC,SIDDIPET,SDP,COED,GOV,2001,EC,DIPLOMA IN ELECTRONICS & COMMUNICATION ENGINEERING,2358,2358,14330,17476,9217,12209,2358,8273,8773,8773,10390,14861,37775,37775,57818,57818,25842,30053,5080,SBTET
SDPW,GOVERNMENT POLYTECHNIC FOR WOMEN,SIDDIPET,SDP,GIRLS,GOV,2001,CE,DIPLOMA IN CIVIL ENGINEERING,NA,23087,NA,40503,NA,40517,NA,53104,NA,49319,NA,59459,NA,67774,NA,68814,NA,23087,5080,SBTET
SDPW,GOVERNMENT POLYTECHNIC FOR WOMEN,SIDDIPET,SDP,GIRLS,GOV,2001,CS,DIPLOMA IN COMPUTER SCIENCE AND ENGINEERING,NA,3847,NA,10104,NA,8254,NA,5292,NA,7635,NA,17660,NA,18062,NA,34898,NA,16651,5080,SBTET
SDPW,GOVERNMENT POLYTECHNIC FOR WOMEN,SIDDIPET,SDP,GIRLS,GOV,2001,EE,DIPLOMA IN ELECTRICAL & ELECTRONICS ENGINEERING,NA,15563,NA,50447,NA,26983,NA,15563,NA,25097,NA,42663,NA,39792,NA,66018,NA,55817,5080,SBTET
SGMA,S G M GOVT POLYTECHNIC,ABDULLAPURMET,RR,COED,GOV,2001,AA,DIPLOMA IN ARCHITECTURAL ASSISTANTSHIP,12643,13653,53474,56809,40029,68793,12643,13653,38053,52590,16150,16150,54947,59711,57352,68485,12643,13653,5080,SBTET
SGMA,S G M GOVT POLYTECHNIC,ABDULLAPURMET,RR,COED,GOV,2008,AU,DIPLOMA IN AUTOMOBILE ENGINEERING,15920,15920,58200,62414,67244,67244,18240,18240,69678,69678,25540,25540,64521,64521,67323,68224,15920,40618,5080,SBTET
SGMA,S G M GOVT POLYTECHNIC,ABDULLAPURMET,RR,COED,GOV,2008,CCP,DIPLOMA IN COMMERCIAL & COMPUTER PRACTICE,29221,40166,52456,59386,38970,54104,29221,40166,48600,48600,29221,52268,67229,67229,68700,68700,29221,40166,5080,SBTET
SGMA,S G M GOVT POLYTECHNIC,ABDULLAPURMET,RR,COED,GOV,2014,CS,DIPLOMA IN COMPUTER SCIENCE AND ENGINEERING,2403,3521,14537,14537,4174,4174,2403,6027,5170,5170,4044,14056,12435,16211,13012,26938,9628,9628,5080,SBTET
SGRD,GOVERNMENT POLYTECHNIC,SANGA REDDY,SRD,COED,GOV,2014,EC,DIPLOMA IN ELECTRONICS & COMMUNICATION ENGINEERING,9448,11909,20596,50447,17226,55383,9448,11909,41979,45122,35479,40086,51481,63412,29502,64218,21737,52009,5080,SBTET
SGRD,GOVERNMENT POLYTECHNIC,SANGA REDDY,SRD,COED,GOV,2014,EE,DIPLOMA IN ELECTRICAL & ELECTRONICS ENGINEERING,8582,8582,55982,55982,61245,61245,8582,8582,56340,56340,57818,57818,69289,69289,57658,66933,39832,39832,5080,SBTET
SHAD,GOVERNMENT POLYTECHNIC SHADNAGAR,SHADNAGAR,MBN,COED,GOV,1984,CS,DIPLOMA IN COMPUTER SCIENCE AND ENGINEERING,5930,5930,58638,58638,19774,35023,21799,21799,23036,23036,18919,27523,56628,68709,39457,39457,25260,37269,15780,SBTET
SHAD,GOVERNMENT POLYTECHNIC SHADNAGAR,SHADNAGAR,MBN,COED,GOV,1984,EC,DIPLOMA IN ELECTRONICS & COMMUNICATION ENGINEERING,11042,11042,33589,48577,45481,45481,11042,11042,15838,61693,49861,55914,67356,67356,56698,56698,54226,54226,15780,SBTET
SHAD,GOVERNMENT POLYTECHNIC SHADNAGAR,SHADNAGAR,MBN,COED,GOV,1984,EE,DIPLOMA IN ELECTRICAL & ELECTRONICS ENGINEERING,21448,21448,37323,46389,39241,39241,21448,54883,61370,61370,46275,46275,64430,64430,57392,65775,21448,21448,15780,SBTET
SISG,SIDDHARTHA INSTT OF TECHNOLOGY AND SCIENCES,GHATKESAR,MDL,COED,PVT,1984,AI,DIPLOMA IN ARTIFICIAL INTELLIGENCE AND MACHINE LEARNING,13652,18612,37109,41455,41849,41849,13652,18612,24063,34030,51515,51515,59291,59291,29273,34706,44095,47687,15780,SBTET
SISG,SIDDHARTHA INSTT OF TECHNOLOGY AND SCIENCES,GHATKESAR,MDL,COED,PVT,2009,CE,DIPLOMA IN CIVIL ENGINEERING,38703,38703,38703,38703,57450,57450,38703,38703,51610,51610,38703,54251,38703,63568,66339,66339,38703,38703,15780,SBTET
SISG,SIDDHARTHA INSTT OF TECHNOLOGY AND SCIENCES,GHATKESAR,MDL,COED,PVT,2009,CS,DIPLOMA IN COMPUTER SCIENCE AND ENGINEERING,20574,20574,54827,54827,34395,34395,20574,20574,20574,31888,22115,30557,53033,67707,67603,67603,41455,59584,15780,SBTET
SISG,SIDDHARTHA INSTT OF TECHNOLOGY AND SCIENCES,GHATKESAR,MDL,COED,PVT,2024,EC,DIPLOMA IN ELECTRONICS & COMMUNICATION ENGINEERING,23604,26315,23604,60952,56951,62100,23604,26315,42094,49319,23604,26315,64627,67704,65117,65117,57885,57885,15780,SBTET
SISG,SIDDHARTHA INSTT OF TECHNOLOGY AND SCIENCES,GHATKESAR,MDL,COED,PVT,2024,EE,DIPLOMA IN ELECTRICAL & ELECTRONICS ENGINEERING,29398,29398,58905,58905,62685,62685,51462,51462,60120,60120,30584,30584,69585,69585,67400,67400,29398,29398,15780,SBTET
SISG,SIDDHARTHA INSTT OF TECHNOLOGY AND SCIENCES,GHATKESAR,MDL,COED,PVT,2024,ME,DIPLOMA IN MECHANICAL ENGINEERING,33562,41455,54650,54650,51855,60463,33562,41455,58638,58638,50758,50758,65009,65009,33562,41455,33562,41455,15780,SBTET
SMCD,ST MARYS ENGINEERING COLLEGE,DESHMUKHI,YBG,COED,PVT,2008,CS,DIPLOMA IN COMPUTER SCIENCE AND ENGINEERING,18483,22222,49319,55469,55120,55383,39525,39525,49572,49572,61245,61245,69671,69671,68948,68948,18483,22222,15780,SBTET
SMED,ST.MARYS GROUP OF INSTITUTIONS,DESHMUKHI,YBG,COED,PVT,2008,CS,DIPLOMA IN COMPUTER SCIENCE AND ENGINEERING,35199,35199,60354,60354,62710,62710,60867,60867,60309,60309,54147,55914,66590,66590,69393,69393,35199,35199,15780,SBTET
SMSK,SAMSKRUTHI COLLEGE OF ENGG. AND TECHNOLOGY.,GHATKESAR,MDL,COED,PVT,2008,AI,DIPLOMA IN ARTIFICIAL INTELLIGENCE AND MACHINE LEARNING,17092,17092,36250,51553,23694,43170,31980,31980,26435,44447,41390,41390,68366,68366,67998,67998,44681,44681,15780,SBTET
SMSK,SAMSKRUTHI COLLEGE OF ENGG. AND TECHNOLOGY.,GHATKESAR,MDL,COED,PVT,2008,CE,DIPLOMA IN CIVIL ENGINEERING,32923,32923,61607,61607,61370,61370,32923,32923,69528,69528,54279,54279,64377,64377,44784,44784,32923,32923,15780,SBTET
SMSK,SAMSKRUTHI COLLEGE OF ENGG. AND TECHNOLOGY.,GHATKESAR,MDL,COED,PVT,2008,CS,DIPLOMA IN COMPUTER SCIENCE AND ENGINEERING,16784,16784,59459,59459,29632,45353,36173,36173,40402,40402,44860,59874,68676,69679,65390,67774,51855,51855,15780,SBTET
SMSK,SAMSKRUTHI COLLEGE OF ENGG. AND TECHNOLOGY.,GHATKESAR,MDL,COED,PVT,2008,EC,DIPLOMA IN ELECTRONICS & COMMUNICATION ENGINEERING,21280,21280,44370,44370,50368,61637,61693,61693,34017,53804,52268,56340,60867,60867,63897,63897,21280,21280,15780,SBTET
SMSK,SAMSKRUTHI COLLEGE OF ENGG. AND TECHNOLOGY.,GHATKESAR,MDL,COED,PVT,2012,EE,DIPLOMA IN ELECTRICAL & ELECTRONICS ENGINEERING,23519,35290,28269,35290,40665,43787,23519,35290,43182,43182,49087,49087,64125,64597,64318,67231,23519,35290,15780,SBTET
SRPW,GOVT POLYTECHNIC FOR WOMEN,SURYAPET,SRP,GIRLS,GOV,2012,CE,DIPLOMA IN CIVIL ENGINEERING,NA,28038,NA,62847,NA,68709,NA,28038,NA,49109,NA,28038,NA,65542,NA,66920,NA,28038,5080,SBTET
SRPW,GOVT POLYTECHNIC FOR WOMEN,SURYAPET,SRP,GIRLS,GOV,2001,CS,DIPLOMA IN COMPUTER SCIENCE AND ENGINEERING,NA,7829,NA,45162,NA,26177,NA,8142,NA,13418,NA,33418,NA,33087,NA,69215,NA,62570,5080,SBTET
SRPW,GOVT POLYTECHNIC FOR WOMEN,SURYAPET,SRP,GIRLS,GOV,2009,EC,DIPLOMA IN ELECTRONICS & COMMUNICATION ENGINEERING,NA,8194,NA,58927,NA,27792,NA,18980,NA,21536,NA,59219,NA,62100,NA,55308,NA,8194,5080,SBTET
SRRS,SRRS GOVT POLYTECHNIC,SIRCILLA,SRC,COED,GOV,2009,CE,DIPLOMA IN CIVIL ENGINEERING,29094,29457,52009,56389,45527,62744,39494,39494,43537,43537,57450,61974,66904,67336,67000,67430,49379,49379,5080,SBTET
SRRS,SRRS GOVT POLYTECHNIC,SIRCILLA,SRC,COED,GOV,2009,EE,DIPLOMA IN ELECTRICAL & ELECTRONICS ENGINEERING,16670,16725,43743,59609,29834,29834,24507,24507,27066,27066,55532,55532,39494,67124,69180,69593,16670,16725,5080,SBTET
SRRS,SRRS GOVT POLYTECHNIC,SIRCILLA,SRC,COED,GOV,2009,ME,DIPLOMA IN MECHANICAL ENGINEERING,24223,24223,49891,52268,60867,67860,24223,53187,44304,68244,45353,68709,60354,67069,65714,68070,29521,29521,5080,SBTET
SRRSSW,SRRS GOVT POLYTECHNIC,SIRCILLA,SRC,COED,GOV,2009,TT,DIPLOMA IN TEXTILE TECHNOLOGY,30788,30788,30788,30788,30788,30788,30788,30788,30788,30788,30788,30788,30788,30788,30788,30788,30788,30788,5080,SBTET
SVES,SRI VENKATESWARA ENGINEERING COLLEGE,SURYAPETA,SRP,COED,PVT,1988,CS,DIPLOMA IN COMPUTER SCIENCE AND ENGINEERING,51855,51855,63795,63795,65037,65037,51855,51855,59291,59291,51855,51855,66379,66379,67889,67889,51855,51855,15780,SBTET
SVES,SRI VENKATESWARA ENGINEERING COLLEGE,SURYAPETA,SRP,COED,PVT,1988,EE,DIPLOMA IN ELECTRICAL & ELECTRONICS ENGINEERING,44304,48051,68485,68485,68328,68328,48412,48412,68411,68411,59859,59859,67692,69567,62989,62989,44304,48051,15780,SBTET
SVSE,SVS GRP OF INSTNS - SVS INST OF TECH.,HANAMKONDA,HNK,COED,PVT,1988,CS,DIPLOMA IN COMPUTER SCIENCE AND ENGINEERING,17333,19063,48043,54720,40358,58738,17333,60867,46691,54056,53693,53693,69672,69672,60789,69096,17333,56273,15780,SBTET
SVSE,SVS GRP OF INSTNS - SVS INST OF TECH.,HANAMKONDA,HNK,COED,PVT,1979,EC,DIPLOMA IN ELECTRONICS & COMMUNICATION ENGINEERING,33658,33658,59325,59325,58960,58960,58638,58638,50901,50901,61177,61177,68444,68444,69430,69430,33658,33658,15780,SBTET
SVSE,SVS GRP OF INSTNS - SVS INST OF TECH.,HANAMKONDA,HNK,COED,PVT,1979,EE,DIPLOMA IN ELECTRICAL & ELECTRONICS ENGINEERING,38254,38254,52550,52550,43787,43787,38254,38254,54018,54018,38254,38254,69388,69388,64011,64011,38254,38254,15780,SBTET
TCEK,TRINITY COLLEGE OF ENGINEERING AND TECHNOLOGY,PEDDAPALLY,PDL,COED,PVT,1979,CS,DIPLOMA IN COMPUTER SCIENCE AND ENGINEERING,23143,28436,50963,50963,59508,63102,32997,32997,59818,59818,39134,39134,64351,66423,69248,69248,23143,28436,15780,SBTET
TCEK,TRINITY COLLEGE OF ENGINEERING AND TECHNOLOGY,PEDDAPALLY,PDL,COED,PVT,1979,EC,DIPLOMA IN ELECTRONICS & COMMUNICATION ENGINEERING,11425,14896,22230,22230,11425,14896,11425,14896,14799,14896,11425,14896,38720,38720,27458,27458,11425,14896,15780,SBTET
TCEK,TRINITY COLLEGE OF ENGINEERING AND TECHNOLOGY,PEDDAPALLY,PDL,COED,PVT,1979,EE,DIPLOMA IN ELECTRICAL & ELECTRONICS ENGINEERING,49667,49667,49667,49667,49667,49667,49667,49667,57180,57180,49667,49667,65818,65818,49667,49667,49667,49667,15780,SBTET
TCTK,TRINITY COLLEGE OF ENGINEERING AND TECHNOLOGY,KARIMNAGAR,KRM,COED,PVT,2014,EC,DIPLOMA IN ELECTRONICS & COMMUNICATION ENGINEERING,39025,39025,51770,56539,62435,62435,39025,53642,51417,51417,55469,57287,69602,69602,65867,67818,39025,39025,15780,SBTET
TCTK,TRINITY COLLEGE OF ENGINEERING AND TECHNOLOGY,KARIMNAGAR,KRM,COED,PVT,2014,EE,DIPLOMA IN ELECTRICAL & ELECTRONICS ENGINEERING,46203,46203,63548,63548,62710,62710,46203,46203,60538,60538,67295,67295,69570,69570,69642,69642,46203,46203,15780,SBTET
TKEM,TEEGALA KRISHNA REDDY ENGINEERING COLLEGE,MIRPET,RR,COED,PVT,2014,CE,DIPLOMA IN CIVIL ENGINEERING,30184,30184,57329,61782,30184,59094,30184,30184,54133,54133,30184,30184,58200,58200,66705,66705,30184,30184,15780,SBTET
TKEM,TEEGALA KRISHNA REDDY ENGINEERING COLLEGE,MIRPET,RR,COED,PVT,2008,CS,DIPLOMA IN COMPUTER SCIENCE AND ENGINEERING,12336,21167,47011,47011,62710,62710,15177,31473,27256,29866,32023,37374,63042,63042,67099,67099,62710,62710,15780,SBTET
TKEM,TEEGALA KRISHNA REDDY ENGINEERING COLLEGE,MIRPET,RR,COED,PVT,2008,EC,DIPLOMA IN ELECTRONICS & COMMUNICATION ENGINEERING,29863,29863,53865,69266,36206,46086,30349,46233,39356,55659,58291,58291,68910,69504,69209,69486,29863,29863,15780,SBTET
TKEM,TEEGALA KRISHNA REDDY ENGINEERING COLLEGE,MIRPET,RR,COED,PVT,2008,EE,DIPLOMA IN ELECTRICAL & ELECTRONICS ENGINEERING,29665,29665,49319,49319,58472,58472,29665,29665,42546,56594,46691,56072,66251,66251,67259,67259,29665,29665,15780,SBTET
TKRC,T K R COLLEGE OF ENGG. AND TECHNOLOGY,MIRPET,RR,COED,PVT,2008,CE,DIPLOMA IN CIVIL ENGINEERING,21084,31888,50259,52659,39241,44148,21084,31888,36610,36610,33992,46617,69453,69453,51417,68744,21084,31888,15780,SBTET
TKRC,T K R COLLEGE OF ENGG. AND TECHNOLOGY,MIRPET,RR,COED,PVT,2008,CS,DIPLOMA IN COMPUTER SCIENCE AND ENGINEERING,8156,9113,14490,16965,31079,60867,20371,20371,33626,41248,41739,52268,32168,68744,65699,65699,30484,30484,15780,SBTET
TKRC,T K R COLLEGE OF ENGG. AND TECHNOLOGY,MIRPET,RR,COED,PVT,2008,EC,DIPLOMA IN ELECTRONICS & COMMUNICATION ENGINEERING,13885,16795,58738,58738,24713,54440,13885,16795,57885,57885,45795,45795,68910,68910,66793,66793,48988,48988,15780,SBTET
TKRC,T K R COLLEGE OF ENGG. AND TECHNOLOGY,MIRPET,RR,COED,PVT,2008,EE,DIPLOMA IN ELECTRICAL & ELECTRONICS ENGINEERING,23826,23826,59019,59019,44488,51665,23826,23826,41713,41713,60089,60089,69024,69024,68348,68348,23826,23826,15780,SBTET
TKRC,T K R COLLEGE OF ENGG. AND TECHNOLOGY,MIRPET,RR,COED,PVT,2008,ME,DIPLOMA IN MECHANICAL ENGINEERING,22767,37775,40852,58200,40086,40086,28569,37775,32267,37775,22767,37775,67164,67164,64830,64830,22767,37775,15780,SBTET
TRMG,GOVT.POLYTECHNIC,TIRUMALAGIRI,SRP,COED,GOV,,CE,DIPLOMA IN CIVIL ENGINEERING,36644,36644,67390,67390,68519,68519,36644,36644,69564,69564,69664,69664,57119,59584,65286,65286,36644,36644,5080,SBTET
TRMG,GOVT.POLYTECHNIC,TIRUMALAGIRI,SRP,COED,GOV,,ME,DIPLOMA IN MECHANICAL ENGINEERING,11236,11236,11236,11236,66823,66823,11236,11236,11236,11236,11236,11236,67430,69547,32197,32197,11236,11236,5080,SBTET
TRRM,TRR POLYTECHNIC ,MEERPET,RR,COED,PVT,,CE,DIPLOMA IN CIVIL ENGINEERING,62836,62836,62836,62836,62836,62836,62836,62836,62836,62836,62836,62836,62836,62836,62836,62836,62836,62836,15780,SBTET
TRRM,TRR POLYTECHNIC ,MEERPET,RR,COED,PVT,,CS,DIPLOMA IN COMPUTER SCIENCE AND ENGINEERING,16043,26496,53033,53033,59094,59094,16043,26496,58927,58927,47445,54720,63714,68719,68524,68524,20854,39676,15780,SBTET
TRRM,TRR POLYTECHNIC ,MEERPET,RR,COED,PVT,,EC,DIPLOMA IN ELECTRONICS & COMMUNICATION ENGINEERING,24657,28919,61370,61370,56181,57329,35872,35872,51343,51343,50447,56273,67671,67671,64892,64892,24657,28919,15780,SBTET
TRRM,TRR POLYTECHNIC ,MEERPET,RR,COED,PVT,,EE,DIPLOMA IN ELECTRICAL & ELECTRONICS ENGINEERING,37430,38073,37430,66472,55120,55120,53617,67984,55120,55120,37430,38073,37430,62234,37430,62068,37430,38073,15780,SBTET
UTNR,GOVT MODEL RESIDENTIAL POLYTECHNIC,UTNOOR,ADB,BOYS,GOV,,EE,DIPLOMA IN ELECTRICAL & ELECTRONICS ENGINEERING,19168,19168,19168,19168,62234,62234,19168,19168,19168,19168,19168,19168,65305,65305,69606,69606,19168,19168,5080,SBTET
UTNR,GOVT MODEL RESIDENTIAL POLYTECHNIC,UTNOOR,ADB,BOYS,GOV,,ME,DIPLOMA IN MECHANICAL ENGINEERING,45643,45643,55982,55982,45643,45643,45643,45643,45643,45643,45643,45643,69504,69504,63287,63287,45643,45643,5080,SBTET
VDPL,GOVERNMENT POLYTECHNIC,VADEPALLI,GDL,COED,GOV,,EE,DIPLOMA IN ELECTRICAL & ELECTRONICS ENGINEERING,9714,9714,52836,52836,62685,62685,9714,9714,43498,43498,9714,46275,67860,67860,56981,56981,9714,9714,5080,SBTET
VDPL,GOVERNMENT POLYTECHNIC,VADEPALLI,GDL,COED,GOV,2008,ME,DIPLOMA IN MECHANICAL ENGINEERING,40046,40046,40046,40046,51553,51553,40046,40046,40046,40046,40046,40046,68762,68762,40046,40046,40046,40046,5080,SBTET
VGSE,VAAGESHWARI COLL. OF ENGINEERING,KARIMNAGAR,KRM,COED,PVT,2008,CE,DIPLOMA IN CIVIL ENGINEERING,21184,31790,56988,56988,61782,61782,58291,58291,60952,60952,52111,52111,65797,65797,60720,63658,21184,31790,15780,SBTET
VGSE,VAAGESHWARI COLL. OF ENGINEERING,KARIMNAGAR,KRM,COED,PVT,2004,CS,DIPLOMA IN COMPUTER SCIENCE AND ENGINEERING,16323,16323,22412,34937,26983,26983,16323,16440,62234,62234,28306,28306,46546,47011,50182,64616,50447,50447,15780,SBTET
VGSE,VAAGESHWARI COLL. OF ENGINEERING,KARIMNAGAR,KRM,COED,PVT,2004,EC,DIPLOMA IN ELECTRONICS & COMMUNICATION ENGINEERING,29398,29398,54551,54551,51940,51940,29398,29398,48096,48096,56273,59795,64169,64169,66733,66733,29398,29398,15780,SBTET
VGSE,VAAGESHWARI COLL. OF ENGINEERING,KARIMNAGAR,KRM,COED,PVT,2004,EE,DIPLOMA IN ELECTRICAL & ELECTRONICS ENGINEERING,43001,43001,61040,61040,61883,61883,43001,43001,55308,55308,43001,43001,69625,69625,66233,66233,43001,43001,15780,SBTET
VGSE,VAAGESHWARI COLL. OF ENGINEERING,KARIMNAGAR,KRM,COED,PVT,2004,ME,DIPLOMA IN MECHANICAL ENGINEERING,49238,49238,49238,49238,53894,53894,49238,49238,52111,52111,49238,49238,68729,68729,49238,64169,49238,49238,15780,SBTET
VGWL,VAAGDEVI ENGINEERING COLLEGE,WARANGAL,WGL,COED,PVT,2004,EC,DIPLOMA IN ELECTRONICS & COMMUNICATION ENGINEERING,19253,45503,34495,45503,52521,52521,19253,45503,29695,45503,59584,59584,61637,61637,63042,63042,42546,45503,15780,SBTET
VGWL,VAAGDEVI ENGINEERING COLLEGE,WARANGAL,WGL,COED,PVT,2014,EE,DIPLOMA IN ELECTRICAL & ELECTRONICS ENGINEERING,21745,21745,67231,67231,54883,61580,21745,21745,47630,61883,59818,59818,66112,66112,67717,67717,21745,21745,15780,SBTET
VISA,VATHSALYA INSTITUTE OF SCI. AND TECHNOLOGY,BHONGIR,YBG,COED,PVT,2014,CE,DIPLOMA IN CIVIL ENGINEERING,66131,66131,66131,66131,66131,66131,66131,66131,66131,66131,66131,66131,66131,66131,66131,66131,66131,66131,15780,SBTET
VISA,VATHSALYA INSTITUTE OF SCI. AND TECHNOLOGY,BHONGIR,YBG,COED,PVT,2014,CS,DIPLOMA IN COMPUTER SCIENCE AND ENGINEERING,17122,17122,48673,50259,54883,54883,17122,17122,62234,62234,38920,52751,68910,68910,63929,63929,17122,17122,15780,SBTET
VISA,VATHSALYA INSTITUTE OF SCI. AND TECHNOLOGY,BHONGIR,YBG,COED,PVT,2014,EC,DIPLOMA IN ELECTRONICS & COMMUNICATION ENGINEERING,45724,45724,45724,54564,45724,45724,45724,45724,60211,60255,45724,45724,64788,64788,45724,67486,45724,45724,15780,SBTET
VISA,VATHSALYA INSTITUTE OF SCI. AND TECHNOLOGY,BHONGIR,YBG,COED,PVT,2005,EE,DIPLOMA IN ELECTRICAL & ELECTRONICS ENGINEERING,55659,55659,62518,62518,64393,64393,55659,55659,57392,57392,55659,55659,55659,55659,64706,64706,55659,55659,15780,SBTET
VISA,VATHSALYA INSTITUTE OF SCI. AND TECHNOLOGY,BHONGIR,YBG,COED,PVT,2005,ME,DIPLOMA IN MECHANICAL ENGINEERING,42767,42767,42767,42767,42767,42767,42767,42767,42767,42767,42767,42767,42767,42767,42767,42767,42767,42767,15780,SBTET
VITS,SRI VISHWESWARAYA INST. OF TECHNOLOGY AND SCI.,MAHABUBNAGAR,MBN,COED,PVT,2005,CS,DIPLOMA IN COMPUTER SCIENCE AND ENGINEERING,23036,23036,28684,55982,55740,55740,23036,23036,52751,52751,58381,58381,56407,64071,23036,23036,33266,50307,15780,SBTET
VITS,SRI VISHWESWARAYA INST. OF TECHNOLOGY AND SCI.,MAHABUBNAGAR,MBN,COED,PVT,2005,EE,DIPLOMA IN ELECTRICAL & ELECTRONICS ENGINEERING,42162,42162,53741,53741,42162,42162,42162,42162,42162,42162,43912,43912,69254,69254,42162,42162,42162,42162,15780,SBTET
VKBD,GOVT.POLYTECHNIC,VIKARABAD,VKB,COED,GOV,2005,CE,DIPLOMA IN CIVIL ENGINEERING,62815,62815,62815,62815,65337,65337,62815,62815,67604,67604,66850,66850,62815,65206,64278,67563,62815,62815,5080,SBTET
VKBD,GOVT.POLYTECHNIC,VIKARABAD,VKB,COED,GOV,2014,EC,DIPLOMA IN ELECTRONICS & COMMUNICATION ENGINEERING,12615,16009,54384,54384,23551,43537,12615,16009,19338,46826,27886,27886,54780,65617,49572,67447,52057,52057,5080,SBTET
VKBD,GOVT.POLYTECHNIC,VIKARABAD,VKB,COED,GOV,2014,EE,DIPLOMA IN ELECTRICAL & ELECTRONICS ENGINEERING,21407,25977,60720,60720,37865,43182,21407,25977,50608,50608,60703,60703,66765,66765,53840,64242,21407,57022,5080,SBTET
VMRH,VMR PRADEEP KUMAR INSTITUTE OF ENGINEERING AND TECHNOLOGY,HANAMKONDA,HNK,COED,PVT,2001,AI,DIPLOMA IN ARTIFICIAL INTELLIGENCE AND MACHINE LEARNING,24114,24349,61974,61974,54650,59094,32714,49955,41789,41789,60422,60422,67057,67057,63882,63882,24114,24349,15780,SBTET
VMRH,VMR PRADEEP KUMAR INSTITUTE OF ENGINEERING AND TECHNOLOGY,HANAMKONDA,HNK,COED,PVT,2001,CE,DIPLOMA IN CIVIL ENGINEERING,57392,57392,57392,57392,57392,58472,57392,57392,58021,58021,57392,57392,68889,68889,69209,69209,57392,57392,15780,SBTET
VMRH,VMR PRADEEP KUMAR INSTITUTE OF ENGINEERING AND TECHNOLOGY,HANAMKONDA,HNK,COED,PVT,2001,CS,DIPLOMA IN COMPUTER SCIENCE AND ENGINEERING,13653,14111,33144,35023,59094,59094,22034,31820,55469,55469,44544,44544,69400,69400,66796,66796,41537,41537,15780,SBTET
VMRH,VMR PRADEEP KUMAR INSTITUTE OF ENGINEERING AND TECHNOLOGY,HANAMKONDA,HNK,COED,PVT,2001,EC,DIPLOMA IN ELECTRONICS & COMMUNICATION ENGINEERING,29521,29521,62166,62166,54440,62881,54493,54493,62060,62060,57618,62414,69617,69617,56539,64368,29521,29521,15780,SBTET
VMRH,VMR PRADEEP KUMAR INSTITUTE OF ENGINEERING AND TECHNOLOGY,HANAMKONDA,HNK,COED,PVT,2001,EE,DIPLOMA IN ELECTRICAL & ELECTRONICS ENGINEERING,34278,34278,59508,59508,60463,60463,34278,34278,55617,55617,56118,56118,66823,66823,65818,65818,34278,34278,15780,SBTET
VMRH,VMR PRADEEP KUMAR INSTITUTE OF ENGINEERING AND TECHNOLOGY,HANAMKONDA,HNK,COED,PVT,2014,ME,DIPLOMA IN MECHANICAL ENGINEERING,31668,31668,31668,31668,31668,31668,54947,54947,40123,40123,31668,31668,31668,31668,66882,66882,31668,31668,15780,SBTET
VREC,VIJAYA RURAL ENGINEERING COLLEGE,NIZAMABAD,NZB,COED,PVT,2014,CE,DIPLOMA IN CIVIL ENGINEERING,40123,40123,57618,57618,58453,58453,47255,47255,55817,55817,60867,60867,68498,68498,67180,67180,40123,40123,15780,SBTET
VREC,VIJAYA RURAL ENGINEERING COLLEGE,NIZAMABAD,NZB,COED,PVT,2014,CS,DIPLOMA IN COMPUTER SCIENCE AND ENGINEERING,13330,13330,27007,40123,22653,24886,13330,18036,19512,19512,23796,23796,50681,65362,63628,63628,28502,28502,15780,SBTET
VREC,VIJAYA RURAL ENGINEERING COLLEGE,NIZAMABAD,NZB,COED,PVT,2008,EC,DIPLOMA IN ELECTRONICS & COMMUNICATION ENGINEERING,18748,18748,55120,55120,32530,39525,18748,18748,34487,34487,51855,57515,68179,68179,62398,68254,18748,18748,15780,SBTET
VREC,VIJAYA RURAL ENGINEERING COLLEGE,NIZAMABAD,NZB,COED,PVT,2008,EE,DIPLOMA IN ELECTRICAL & ELECTRONICS ENGINEERING,32729,32729,56856,57658,59459,62657,49379,49379,46691,46691,54650,54650,68348,68348,69421,69421,32729,32729,15780,SBTET
VREC,VIJAYA RURAL ENGINEERING COLLEGE,NIZAMABAD,NZB,COED,PVT,2008,ME,DIPLOMA IN MECHANICAL ENGINEERING,34430,34430,34430,34430,52057,52057,34430,34430,34430,57098,55253,55253,34430,53945,51320,51320,34430,34430,15780,SBTET
WITS,WARANGAL INST OF TECHNOLOGY SCIENCE,WARANGAL,WGL,COED,PVT,1993,CS,DIPLOMA IN COMPUTER SCIENCE AND ENGINEERING,17912,17912,32537,44544,36196,41979,42497,42497,59903,59903,55253,55253,54279,56972,68174,68174,17912,17912,15780,SBTET
WITS,WARANGAL INST OF TECHNOLOGY SCIENCE,WARANGAL,WGL,COED,PVT,1993,EC,DIPLOMA IN ELECTRONICS & COMMUNICATION ENGINEERING,14840,14840,53314,53314,51855,51855,14840,14840,14840,14840,36163,36163,14840,41789,63412,66164,14840,14840,15780,SBTET
WLGW,GOVT POLYTECHNIC FOR WOMEN,WARANGAL,WGL,GIRLS,GOV,1993,CCP,DIPLOMA IN COMMERCIAL & COMPUTER PRACTICE,NA,39494,NA,56181,NA,60154,NA,39494,NA,58472,NA,62166,NA,68534,NA,68095,NA,39494,5080,SBTET
WLGW,GOVT POLYTECHNIC FOR WOMEN,WARANGAL,WGL,GIRLS,GOV,1993,CE,DIPLOMA IN CIVIL ENGINEERING,NA,12305,NA,49163,NA,26742,NA,12305,NA,17767,NA,45606,NA,67034,NA,44370,NA,49955,5080,SBTET
WLGW,GOVT POLYTECHNIC FOR WOMEN,WARANGAL,WGL,GIRLS,GOV,1993,EC,DIPLOMA IN ELECTRONICS & COMMUNICATION ENGINEERING,NA,3847,NA,11650,NA,6561,NA,6275,NA,7976,NA,11095,NA,26448,NA,20905,NA,14257,5080,SBTET
WNPT,KDR GOVT POLYTECHNIC,WANAPARTHY,WNP,COED,GOV,1993,CE,DIPLOMA IN CIVIL ENGINEERING,18148,19774,30489,30489,46517,46517,28077,28077,44060,44060,62805,62805,64719,64719,66765,66765,18148,37952,5080,SBTET
WNPT,KDR GOVT POLYTECHNIC,WANAPARTHY,WNP,COED,GOV,,CS,DIPLOMA IN COMPUTER SCIENCE AND ENGINEERING,3380,5027,9147,9147,16379,16379,3380,5027,6581,6581,11263,16299,28048,28048,50368,50368,18594,18594,5080,SBTET
WNPT,KDR GOVT POLYTECHNIC,WANAPARTHY,WNP,COED,GOV,,EE,DIPLOMA IN ELECTRICAL & ELECTRONICS ENGINEERING,12048,12048,27430,27430,22389,29398,12048,16527,14341,14914,31888,31888,42627,42627,57983,63345,27553,51417,5080,SBTET
WNPT,KDR GOVT POLYTECHNIC,WANAPARTHY,WNP,COED,GOV,,EI,DIPLOMA IN ELECTRONICS & INSTRUMENTATION ENGINEERING,41849,41849,54493,54493,62234,62234,58638,58638,59765,59765,57251,57251,65430,65430,66823,68298,41849,41849,5080,SBTET
WNPT,KDR GOVT POLYTECHNIC,WANAPARTHY,WNP,COED,GOV,,ME,DIPLOMA IN MECHANICAL ENGINEERING,34357,46841,52590,59540,61177,61177,34357,46841,39792,56799,50901,50901,63345,69414,68498,68498,34357,46841,5080,SBTET
WRGL,GOVT POLYTECHNIC,WARANGAL,WGL,COED,GOV,,CE,DIPLOMA IN CIVIL ENGINEERING,6289,8721,22412,22412,10957,23470,8097,8721,11478,11999,15838,56594,30885,40589,24335,52659,62468,62468,5080,SBTET
WRGL,GOVT POLYTECHNIC,WARANGAL,WGL,COED,GOV,2009,CS,DIPLOMA IN COMPUTER SCIENCE AND ENGINEERING,1584,2843,3768,5722,2117,2843,14246,14246,4044,6238,5138,5138,14881,14881,17866,20816,6384,7569,5080,SBTET
WRGL,GOVT POLYTECHNIC,WARANGAL,WGL,COED,GOV,2009,EC,DIPLOMA IN ELECTRONICS & COMMUNICATION ENGINEERING,2828,3659,8507,11879,3888,5065,2828,53474,5858,7253,8223,9940,13357,20088,23267,25388,10007,14490,5080,SBTET
WRGL,GOVT POLYTECHNIC,WARANGAL,WGL,COED,GOV,1980,EE,DIPLOMA IN ELECTRICAL & ELECTRONICS ENGINEERING,3948,3948,9217,9217,6945,7237,3948,3948,7534,7534,9098,17930,11580,15814,17172,37430,37398,37398,5080,SBTET
WRGL,GOVT POLYTECHNIC,WARANGAL,WGL,COED,GOV,1980,ME,DIPLOMA IN MECHANICAL ENGINEERING,15349,26326,52590,58021,27268,60867,35520,35520,21868,36447,44544,58021,62971,67644,53187,62468,54078,54078,5080,SBTET
YDGR,GOVT.POLYTECHNIC,YADAGIRIGUTTA,YBG,COED,GOV,1980,EE,DIPLOMA IN ELECTRICAL & ELECTRONICS ENGINEERING,13137,19998,37430,37430,25618,26597,24040,24040,22600,32197,30349,30349,42398,65408,64381,64381,42412,47101,5080,SBTET
YDGR,GOVT.POLYTECHNIC,YADAGIRIGUTTA,YBG,COED,GOV,1970,ME,DIPLOMA IN MECHANICAL ENGINEERING,18076,59161,56830,59903,54344,62812,18076,59161,57618,59161,58092,59161,65097,68515,57450,69572,18076,59161,5080,SBTET
ZHBD,SS GOVT POLYTECHNIC ,ZAHIRABAD,SRD,COED,GOV,1970,AU,DIPLOMA IN AUTOMOBILE ENGINEERING,44627,44627,44627,44627,44627,44627,61974,61974,44627,44627,58811,58811,69491,69491,44627,44627,44627,44627,5080,SBTET
ZHBD,SS GOVT POLYTECHNIC ,ZAHIRABAD,SRD,COED,GOV,1970,CE,DIPLOMA IN CIVIL ENGINEERING,36569,36569,58021,58021,60056,60056,36569,36569,56444,61607,53353,53353,68113,69418,67574,67574,38085,38085,5080,SBTET
ZHBD,SS GOVT POLYTECHNIC ,ZAHIRABAD,SRD,COED,GOV,1970,EE,DIPLOMA IN ELECTRICAL & ELECTRONICS ENGINEERING,27362,29143,56841,56841,43481,49842,27362,35023,38583,46800,46546,48207,61040,64824,69541,69541,27362,29143,5080,SBTET
ZHBD,SS GOVT POLYTECHNIC ,ZAHIRABAD,SRD,COED,GOV,1970,ME,DIPLOMA IN MECHANICAL ENGINEERING,53033,53033,60720,60720,62812,62812,53033,53033,61245,61245,58960,58960,69658,69658,69283,69283,53033,53033,5080,SBTET
,,,,,,1955,,,,,,,,,,,,,,,,,,,,,,
,Disclaimer:,,,,,1955,,,,,,,,,,,,,,,,,,,,,,
,"1. Last rank statement does not reflect the candidates admitted in special reservation categories like PH, NCC, Sports and Games, Children of Armed Personnel (CAP) seats, State wide colleges & Minority colleges.",,,,,1955,,,,,,,,,,,,,,,,,,,,,,
,2. Every care has been taken to present accurate information.  The Ranks shown are at the end of Web Counseling process and does not indicate the dropouts or spot admissions.,,,,,1955,,,,,,,,,,,,,,,,,,,,,,
,3. The statement shall be used only for information to assess the mode of opting by candidates and shall in no way reflect the rank upto which seat can be allotted in the present academic year.,,,,,1955,,,,,,,,,,,,,,,,,,,,,,
,4. The ranks indicated inclusive of the ranks allotted in respect of Consequential Vacancies arose at the final round of Allotment.,,,,,2008,,,,,,,,,,,,,,,,,,,,,,
,5. The TGCHE/DTE is not responsible for Print Errors.,,,,,2008,,,,,,,,,,,,,,,,,,,,,,
,6. Girls are also eligible for Boys seats.,,,,,1979,,,,,,,,,,,,,,,,,,,,,,
,"7.In terms of  G.O.Ms.No. 42  Higher Education Dept.dated:18-05-2009,15% unreserved seats are filled first with combined merit list of candidates followed by 85 % seats with local candidates only.",,,,,1979,,,,,,,,,,,,,,,,,,,,,,
,8. NA means Not Applicable.,,,,,1979,,,,,,,,,,,,,,,,,,,,,,
,,,,,,1979,,,,,,,,,,,,,,,,,,,,,,
